reference,protocol,seed,role,valid,strict,S,Ephi,ET,EV,EI,bottom_current_NRMSE,power_trace_NRMSE,energy_error,local_joule_NRMSE,normalizer_top_current,normalizer_bottom_current,normalizer_power,normalizer_local_q,fixed_old_denominator_EI,fixed_old_denominator_bottom_current_NRMSE,fixed_old_denominator_power_trace_NRMSE,fixed_old_denominator_local_joule_NRMSE
old,original,29,E,True,False,0.001030078125,0.020042062839986767,0.010600719518901736,0.001295806378420051,0.008582725577116241,0.008582725577119891,0.008624890741396128,0.0027517159515824587,0.04735616535447262,0.5192396884541327,0.5192396884541325,0.3596171853089629,0.273856078396637,0.008582725577116241,0.008582725577119891,0.008624890741396128,0.04735616535447262
old,original,29,F,True,False,0.001225,0.023986713579712493,0.010930770446400033,0.0026037742743953525,0.016878445249982235,0.01687844524998299,0.01727433882661583,0.0016092828994405844,0.0926130912791254,0.5192396884541327,0.5192396884541325,0.3596171853089629,0.273856078396637,0.016878445249982235,0.01687844524998299,0.01727433882661583,0.0926130912791254
old,original,43,E,True,False,0.0011316406249999998,0.021619161166716246,0.010330845552147926,0.0023572941029588812,0.015717843041697634,0.01571784304170005,0.01592750502299147,0.006568905729493914,0.07846803668388758,0.5192396884541327,0.5192396884541325,0.3596171853089629,0.273856078396637,0.015717843041697634,0.01571784304170005,0.01592750502299147,0.07846803668388758
old,original,43,F,True,False,0.0012525000000000001,0.02448208540577694,0.010446690661100185,0.00464752889807411,0.030696582612246257,0.030696582612248655,0.03175752257654098,0.012191155965982461,0.12783682347357958,0.5192396884541327,0.5192396884541325,0.3596171853089629,0.273856078396637,0.030696582612246257,0.030696582612248655,0.03175752257654098,0.12783682347357958
old,original,-,B_E,True,False,0.0014084375000000002,0.023769782205783657,0.013278255127362866,0.002558449869505918,0.01728228938076691,0.017282289380764062,0.017562292993545878,0.011849409958004114,0.0981319028410548,0.5192396884541327,0.5192396884541325,0.3596171853089629,0.273856078396637,0.01728228938076691,0.017282289380764062,0.017562292993545878,0.0981319028410548
old,shorter,29,E,True,False,0.0010861718750000001,0.01900241378176963,0.011021722601211524,0.001568101323932456,0.009942974635239722,0.009942974635242439,0.00999332058970384,0.00287606086266471,0.056357927738193946,0.5266209625484372,0.526620962548438,0.3648634681829053,0.2706925435582177,0.009942974635239722,0.009942974635242439,0.00999332058970384,0.056357927738193946
old,shorter,29,F,True,False,0.0012612500000000002,0.023818465166233878,0.011691428007149965,0.0037235134756986397,0.022699139664465462,0.02269913966446679,0.023353161120948644,0.007066266554761794,0.11271435174216146,0.5266209625484372,0.526620962548438,0.3648634681829053,0.2706925435582177,0.022699139664465462,0.02269913966446679,0.023353161120948644,0.11271435174216146
old,shorter,43,E,True,False,0.0010735156249999998,0.018619221717954475,0.010960980041449084,0.0010802508400533871,0.006821188750453961,0.006821188750454754,0.006727584643777657,0.0016271789511990613,0.04770874623981139,0.5266209625484372,0.526620962548438,0.3648634681829053,0.2706925435582177,0.006821188750453961,0.006821188750454754,0.006727584643777657,0.04770874623981139
old,shorter,43,F,True,False,0.001197734375,0.0233632244353989,0.0114088216040331,0.004585264153895475,0.029917345965851373,0.029917345965852445,0.03094686326770039,0.002573604184872598,0.14365656952342049,0.5266209625484372,0.526620962548438,0.3648634681829053,0.2706925435582177,0.029917345965851373,0.029917345965852445,0.03094686326770039,0.14365656952342049
old,shorter,-,B_E,True,False,0.0015754687500000003,0.02552352964250399,0.012800189053165364,0.003005663306483679,0.020031855675185353,0.020031855675185704,0.020489387231699213,0.015059309720727837,0.1133849836004611,0.5266209625484372,0.526620962548438,0.3648634681829053,0.2706925435582177,0.020031855675185353,0.020031855675185704,0.020489387231699213,0.1133849836004611
old,shorter,29,E_C,True,False,0.000984765625,0.017548833641611146,0.010410376996620696,0.0015099139246013743,0.009667219145866825,0.009667219145867543,0.009741821156910668,0.004837687274938343,0.055306388428239754,0.5266209625484372,0.526620962548438,0.3648634681829053,0.2706925435582177,0.009667219145866825,0.009667219145867543,0.009741821156910668,0.055306388428239754
old,shorter,29,E_R,True,False,0.00100875,0.017719898278051788,0.010450506414582903,0.0014395095214991714,0.009327608069242727,0.009327608069244679,0.009392457201827683,0.004146796702492078,0.053998694916936575,0.5266209625484372,0.526620962548438,0.3648634681829053,0.2706925435582177,0.009327608069242727,0.009327608069244679,0.009392457201827683,0.053998694916936575
old,shorter,29,E_I,True,False,0.000952109375,0.01727237499932336,0.010451443156954536,0.0014141330118079146,0.009017786991447101,0.009017786991448819,0.009007671989507936,0.004183316184981865,0.053116797498190454,0.5266209625484372,0.526620962548438,0.3648634681829053,0.2706925435582177,0.009017786991447101,0.009017786991448819,0.009007671989507936,0.053116797498190454
old,shorter,43,E_C,True,False,0.00097375,0.016963542559870634,0.010396805900313838,0.0009789428509723488,0.0062091583149584345,0.006209158314954734,0.006143626978387168,0.0015108145037286739,0.0477253138163399,0.5266209625484372,0.526620962548438,0.3648634681829053,0.2706925435582177,0.0062091583149584345,0.006209158314954734,0.006143626978387168,0.0477253138163399
old,shorter,43,E_R,True,False,0.0009739843750000001,0.016859811824836864,0.01045559980216171,0.0009552403397247548,0.005984256963712154,0.0059842569637098605,0.005871239534250159,0.0011284399649494816,0.048449454606728976,0.5266209625484372,0.526620962548438,0.3648634681829053,0.2706925435582177,0.005984256963712154,0.0059842569637098605,0.005871239534250159,0.048449454606728976
old,shorter,43,E_I,True,False,0.001006484375,0.01730921381899472,0.010500863221573597,0.0009218151740106061,0.005800458804997572,0.005800458804996797,0.005699118361013493,0.0009677037630473153,0.0466513324647435,0.5266209625484372,0.526620962548438,0.3648634681829053,0.2706925435582177,0.005800458804997572,0.005800458804996797,0.005699118361013493,0.0466513324647435
refined,original,29,E,True,False,0.001026328125,0.020042740206674476,0.010657336493552662,0.0013198739890158714,0.008779977108918058,0.008779977108921682,0.008845132418566175,0.0031181809841656855,0.047710979452963986,0.5190399948066103,0.5190399948066103,0.35947750077673196,0.27392019027267683,0.008776600430106654,0.008776600430110278,0.008841696742422538,0.04772214897097628
refined,original,29,F,True,False,0.001220625,0.023948308537485443,0.010986504586469876,0.0025971506208735166,0.016845376811265418,0.01684537681126619,0.01725040462306236,0.001975330419135011,0.09218301284505061,0.5190399948066103,0.5190399948066103,0.35947750077673196,0.27392019027267683,0.016838898271943153,0.016838898271943927,0.017243704123756417,0.09220459361815997
refined,original,43,E,True,False,0.001128359375,0.021642673019008584,0.010380526649104068,0.002383562069163395,0.01592263658522475,0.015922636585227124,0.016155682579659596,0.006936765789933076,0.07909094342969357,0.5190399948066103,0.5190399948066103,0.35947750077673196,0.27392019027267683,0.015916512921243395,0.015916512921245768,0.016149407298454464,0.0791094592457044
refined,original,43,F,True,False,0.0012490625000000002,0.024490240646485043,0.010511225718101758,0.004664011170049807,0.03083367519089245,0.030833675190894857,0.03190837367974663,0.012561070730575535,0.1280579437250869,0.5190399948066103,0.5190399948066103,0.35947750077673196,0.27392019027267683,0.030821816911946708,0.030821816911949112,0.03189597964955623,0.128087923103533
refined,original,-,B_E,True,False,0.0014003125,0.023631555075184097,0.01342231856258858,0.0024878868372018702,0.016784115904325957,0.016784115904323122,0.017056146529135074,0.011488281044020427,0.09640622759371782,0.5190399948066103,0.5190399948066103,0.35947750077673196,0.27392019027267683,0.016777660925248083,0.016777660925245252,0.017049521484651903,0.09642879705483456
refined,shorter,29,E,True,False,0.001082265625,0.018985544417578576,0.011058679432145979,0.001588242723186819,0.010094377330916192,0.010094377330918839,0.010169127395583616,0.0031642290476377893,0.05650492306594186,0.5264634683460825,0.5264634683460817,0.3647518956252124,0.2707270809701395,0.010091358450128944,0.01009135845013159,0.01016601775142362,0.05651213247695069
refined,shorter,29,F,True,False,0.0012585937500000002,0.023830201907113074,0.011745700496220432,0.003741229158240637,0.02284658276942876,0.022846582769430086,0.023513727210381478,0.007355638760865776,0.11304663409087722,0.5264634683460825,0.5264634683460817,0.3647518956252124,0.2707270809701395,0.022839750142956035,0.02283975014295736,0.023506536886014878,0.11306105760663664
refined,shorter,43,E,True,False,0.0010675781250000002,0.018581117433486314,0.010990276367360127,0.0010965397647056808,0.0069550749659885586,0.0069550749659893695,0.006891598773290862,0.0019149882802299975,0.04783553686306185,0.5264634683460825,0.5264634683460817,0.3647518956252124,0.2707270809701395,0.006952994942476421,0.006952994942477231,0.0068894913732117065,0.047841640155082465
refined,shorter,43,F,True,False,0.0011950781250000004,0.02333617624104989,0.011446278806350622,0.004595274780679757,0.02999654983492931,0.029996549834930386,0.03103574748176868,0.002861685461407761,0.14397305760965676,0.5264634683460825,0.5264634683460817,0.3647518956252124,0.2707270809701395,0.02998757889942613,0.029987578899427204,0.03102625697907818,0.14399142699926365
refined,shorter,-,B_E,True,False,0.00157453125,0.025504228959598335,0.01291774799709429,0.0029573788575261973,0.019691426256249034,0.019691426256249388,0.020142086809430332,0.01477629511692948,0.11229127154546015,0.5264634683460825,0.5264634683460817,0.3647518956252124,0.2707270809701395,0.019685537228481424,0.019685537228481778,0.020135927507832413,0.1123055986852092
refined,shorter,29,E_C,True,False,0.000981328125,0.017533513554061277,0.01045555243676333,0.001536596694286078,0.009866780999710606,0.009866780999711276,0.009968737724606467,0.005126419117121799,0.05568871238263938,0.5264634683460825,0.5264634683460817,0.3647518956252124,0.2707270809701395,0.009863830185151615,0.009863830185152286,0.009965689358129977,0.05569581765408007
refined,shorter,29,E_R,True,False,0.0010056250000000002,0.017700935047563017,0.010498835817490228,0.0014647872142442755,0.00951525379857381,0.009515253798575795,0.009606869308288152,0.004435330022953811,0.05435330162903804,0.5264634683460825,0.5264634683460817,0.3647518956252124,0.2707270809701395,0.009512408113700278,0.009512408113702263,0.009603931598504584,0.05436023651665258
refined,shorter,29,E_I,True,False,0.0009482031250000002,0.017250773434514036,0.01050085803438248,0.0014383972759337922,0.009199367632606167,0.009199367632607995,0.00921949024201314,0.00447185999901643,0.05337187533213441,0.5264634683460825,0.5264634683460817,0.3647518956252124,0.2707270809701395,0.009196616418411326,0.009196616418413153,0.009216670989891108,0.05337868500047309
refined,shorter,43,E_C,True,False,0.0009685937500000002,0.016923132561674447,0.010429099663088219,0.0009967171102116255,0.0063478854031876406,0.0063478854031840315,0.006313000812156097,0.001798590396393012,0.04792135452167005,0.5264634683460825,0.5264634683460817,0.3647518956252124,0.2707270809701395,0.00634598696917283,0.006345986969169223,0.006311070343066281,0.04792746876308655
refined,shorter,43,E_R,True,False,0.000968984375,0.016816502869890233,0.01048730891677874,0.0009689921301932509,0.006093890034870747,0.006093890034868439,0.0060118232478703106,0.0014161059854360702,0.048562526843899674,0.5264634683460825,0.5264634683460817,0.3647518956252124,0.2707270809701395,0.006092067562127478,0.00609206756212517,0.0060099848766584614,0.048568722891901304
refined,shorter,43,E_I,True,True,0.001000859375,0.017264731147775072,0.010536352024977099,0.0009372062635632852,0.005920638870709651,0.005920638870709044,0.005850365969979421,0.0012553235973087372,0.04679995742175712,0.5264634683460825,0.5264634683460817,0.3647518956252124,0.2707270809701395,0.005918868211425865,0.005918868211425258,0.0058485769712124,0.046805928585152125
spatial,original,29,E,True,False,0.0011057031250000001,0.021062069554395317,0.01102030069488648,0.0012999153788749982,0.008465441888275452,0.008465441888279055,0.008486387674130609,0.0019827251193337754,0.05802674878083643,0.5196102371806038,0.5196102371806017,0.3598780687433939,0.2717485240007748,0.008471483142017159,0.008471483142020763,0.008492544103947603,0.05758018381800395
spatial,original,29,F,True,False,0.0012865625,0.02474980346122313,0.011331634042679697,0.002568755182945587,0.016541657641857315,0.016541657641858172,0.016910838300866635,0.0008411681769303136,0.09729879506202313,0.5196102371806038,0.5196102371806017,0.3598780687433939,0.2717485240007748,0.01655346238311498,0.01655346238311584,0.016923106228416446,0.09654999845160771
spatial,original,43,E,True,False,0.001189140625,0.022457532935059307,0.010742079394001928,0.0023299300023880204,0.01544880144102157,0.01544880144102405,0.015630704964583457,0.005796987568478327,0.08175342149722084,0.5196102371806038,0.5196102371806017,0.3598780687433939,0.2717485240007748,0.015459826279505158,0.01545982627950764,0.015642044222439654,0.08112425969857823
spatial,original,43,F,True,False,0.0013009375,0.025164809697257158,0.010795154574735361,0.004589386972153883,0.030253100315378777,0.030253100315381233,0.0312907269680883,0.01141492621036206,0.12847378003769064,0.5196102371806038,0.5196102371806017,0.3598780687433939,0.2717485240007748,0.030274690051377274,0.030274690051379734,0.03131342675177707,0.1274850655221804
spatial,original,-,B_E,True,False,0.00136015625,0.023309587224554878,0.013568044818113542,0.0025779520204230275,0.017264567500705853,0.0172645675007028,0.01753497508336308,0.01260720347013221,0.10622455176669056,0.5196102371806038,0.5196102371806017,0.3598780687433939,0.2717485240007748,0.017276888137287984,0.017276888137284927,0.017547695789461925,0.10540706390103825
spatial,shorter,29,E,True,False,0.0011464843750000002,0.01993633340127953,0.011343039201857766,0.0015605316421785141,0.00975298738683878,0.00975298738684141,0.00978039076253178,0.0020785450110838125,0.06476795516469876,0.5270178122387625,0.5270178122387602,0.3651402125145803,0.2687680406026689,0.009760337018356454,0.009760337018359088,0.009787809065379629,0.064307483961832
spatial,shorter,29,F,True,False,0.0013104687500000004,0.024449647007894794,0.012000917463713005,0.003691950463208173,0.02240498706115694,0.022404987061158316,0.02303996812831894,0.006265418531249344,0.11771442321870611,0.5270178122387625,0.5270178122387602,0.3651402125145803,0.2687680406026689,0.02242187095452483,0.022421870954526208,0.023057443653104248,0.11687752630083292
spatial,shorter,43,E,True,False,0.001155078125,0.01976311723656693,0.011319799708226538,0.0010972291996580975,0.0067156259861846,0.0067156259861850835,0.006593615019317134,0.0008306562463887519,0.058265980966956836,0.5270178122387625,0.5270178122387602,0.3651402125145803,0.2687680406026689,0.00672068673059565,0.006720686730596133,0.006598616193018987,0.05785173589354298
spatial,shorter,43,F,True,False,0.0012627343750000002,0.024099285343406142,0.01174756335359894,0.004571108087948211,0.029740114569838987,0.02974011456984011,0.030754111731377244,0.0017763288555300613,0.14600348348271483,0.5270178122387625,0.5270178122387602,0.3651402125145803,0.2687680406026689,0.02976252605000523,0.029762526050006358,0.0307774383366407,0.14496546399466612
spatial,shorter,-,B_E,True,False,0.0015368750000000003,0.025216843763017884,0.013065281860570451,0.0030660242077629758,0.020285904848959126,0.020285904848959445,0.020738172495798728,0.015842562850420724,0.12165501816270842,0.5270178122387625,0.5270178122387602,0.3651402125145803,0.2687680406026689,0.020301191849724006,0.020301191849724325,0.020753902137672968,0.12079010537665999
spatial,shorter,29,E_C,True,False,0.001052109375,0.01852885290976995,0.010760928408736978,0.0014753837952248725,0.009316379495417273,0.009316379495417939,0.009363638888103293,0.0040386114816859655,0.06006751871126941,0.5270178122387625,0.5270178122387602,0.3651402125145803,0.2687680406026689,0.00932340010906664,0.009323400109067306,0.009370741089918781,0.059640465509977744
spatial,shorter,29,E_R,True,False,0.0010726562500000003,0.018704592080955998,0.010812143854925037,0.0014122137205450718,0.009018310668920252,0.009018310668922312,0.00905697236748206,0.0033482703252689944,0.05931811795201647,0.5270178122387625,0.5270178122387602,0.3651402125145803,0.2687680406026689,0.009025106664618752,0.009025106664620813,0.009063841966615457,0.05889639265505905
spatial,shorter,29,E_I,True,False,0.0010074218750000003,0.01821330593242985,0.010798699968284564,0.0013846394863383713,0.008687021149183589,0.008687021149185088,0.008644024114846074,0.0033847607664172726,0.058369332510004174,0.5270178122387625,0.5270178122387602,0.3651402125145803,0.2687680406026689,0.008693567492565404,0.008693567492566903,0.008650580497946193,0.057954352653328677
spatial,shorter,43,E_C,True,False,0.0010532812500000002,0.018118895694213072,0.010742802698964455,0.0009975489959728808,0.0061013644702233635,0.006101364470219406,0.006005158817898736,0.0007143843352696038,0.05772508460710059,0.5270178122387625,0.5270178122387602,0.3651402125145803,0.2687680406026689,0.006105962320997956,0.0061059623209939965,0.006009713655005169,0.05731468506496552
spatial,shorter,43,E_R,True,False,0.001053515625,0.01799640772959676,0.010813946702712619,0.000977904804091912,0.005893828080926866,0.005893828080924707,0.005749079377094332,0.00033231387170749806,0.058608298386961195,0.5270178122387625,0.5270178122387602,0.3651402125145803,0.2687680406026689,0.005898269536955179,0.005898269536953019,0.005753439981179701,0.0581916195897444
spatial,shorter,43,E_I,True,False,0.001085234375,0.018466417039323953,0.010867138677495902,0.0009521717079435652,0.00576119559397907,0.005761195593978413,0.00563229264067391,0.00017170549185029107,0.057666022880949235,0.5270178122387625,0.5270178122387602,0.3651402125145803,0.2687680406026689,0.005765537101154004,0.005765537101153346,0.00563656466349495,0.05725604324128006
