reference,protocol,seed,role,region,measure,FN,FP,reference_active_mass,predicted_active_mass,conditional_RMS
old,original,29,E,full_history/near_threshold,0.0011403124999999996,0.0001538281249999998,0.0003007812499999998,0.0005481249999999988,0.0006950781250000001,0.09262734842312148
old,original,29,E,full_history/outside_threshold,0.9988596874999945,0.00010765624999999998,0.00046781250000000045,0.004601874999999999,0.00496203125,0.010578011405674595
old,original,29,E,heating_windows/near_threshold,0.00022687500000000003,4.039062499999997e-05,5.187499999999995e-05,0.00010937500000000004,0.00012085937500000002,0.10618944136181586
old,original,29,E,heating_windows/outside_threshold,0.2802731249999987,5.0703124999999994e-05,7.414062499999997e-05,0.0012115625000000004,0.001235,0.010217526729923555
old,original,29,F,full_history/near_threshold,0.0011403124999999996,0.0001990624999999995,0.00027390625000000033,0.0005481249999999988,0.0006229687500000003,0.10753478428567076
old,original,29,F,full_history/outside_threshold,0.9988596874999945,0.00022468749999999974,0.0005273437500000003,0.004601874999999999,0.004904531249999993,0.012692449350347369
old,original,29,F,heating_windows/near_threshold,0.00022687500000000003,5.601562500000003e-05,3.8515624999999996e-05,0.00010937500000000004,9.187500000000002e-05,0.13278019794789608
old,original,29,F,heating_windows/outside_threshold,0.2802731249999987,0.00011500000000000003,7.624999999999997e-05,0.0012115625000000004,0.0011728125,0.013462503723274477
old,original,43,E,full_history/near_threshold,0.0011403124999999996,0.00020062499999999923,0.00027624999999999997,0.0005481249999999988,0.0006237500000000001,0.11074525112366745
old,original,43,E,full_history/outside_threshold,0.9988596874999945,0.00023273437499999976,0.00042203125000000037,0.004601874999999999,0.004791171874999999,0.011294511563544569
old,original,43,E,heating_windows/near_threshold,0.00022687500000000003,4.749999999999998e-05,4.507812499999997e-05,0.00010937500000000004,0.00010695312499999998,0.13284234516985807
old,original,43,E,heating_windows/outside_threshold,0.2802731249999987,9.929687500000005e-05,0.00010710937499999997,0.0012115625000000004,0.0012193750000000002,0.014513640531529952
old,original,43,F,full_history/near_threshold,0.0011403124999999996,0.00023210937499999922,0.0002447656249999994,0.0005481249999999988,0.0005607812499999999,0.11588425685103661
old,original,43,F,full_history/outside_threshold,0.9988596874999945,0.00028812500000000035,0.000487500000000001,0.004601874999999999,0.0048012499999999965,0.012892573818898924
old,original,43,F,heating_windows/near_threshold,0.00022687500000000003,6.2421875e-05,3.7187499999999935e-05,0.00010937500000000004,8.414062499999996e-05,0.14211196158183512
old,original,43,F,heating_windows/outside_threshold,0.2802731249999987,0.00011703124999999991,0.00018914062499999994,0.0012115625000000004,0.001283671875,0.019283193993166508
old,shorter,29,E,full_history/near_threshold,0.00125390625,0.00019226562499999946,0.00031765625000000034,0.0006003124999999998,0.000725703125,0.10296308299711714
old,shorter,29,E,full_history/outside_threshold,0.9987460937499946,0.00018289062499999976,0.00039335937500000026,0.005290468750000002,0.005500937500000003,0.009802114959840218
old,shorter,29,E,heating_windows/near_threshold,0.00026937500000000003,5.945312499999991e-05,4.757812500000005e-05,0.00013015624999999982,0.00011828124999999992,0.11075499240218978
old,shorter,29,E,heating_windows/outside_threshold,0.2802306249999986,6.398437500000002e-05,8.359375e-05,0.0014771875000000004,0.001496796875,0.011399912458271516
old,shorter,29,F,full_history/near_threshold,0.00125390625,0.00021648437499999926,0.00030015625000000105,0.0006003124999999998,0.0006839843749999998,0.11656235870766733
old,shorter,29,F,full_history/outside_threshold,0.9987460937499946,0.00027296874999999956,0.00047164062500000114,0.005290468750000002,0.005489140624999994,0.01244162553248032
old,shorter,29,F,heating_windows/near_threshold,0.00026937500000000003,5.226562499999991e-05,6.054687500000009e-05,0.00013015624999999982,0.00013843750000000005,0.1285856081689721
old,shorter,29,F,heating_windows/outside_threshold,0.2802306249999986,0.00010039062500000004,0.00015023437499999998,0.0014771875000000004,0.0015270312500000008,0.01698417471075972
old,shorter,43,E,full_history/near_threshold,0.00125390625,0.00019367187499999937,0.0003114843750000013,0.0006003124999999998,0.0007181250000000017,0.09674007290424456
old,shorter,43,E,full_history/outside_threshold,0.9987460937499946,0.00014992187499999985,0.00041843750000000073,0.005290468750000002,0.0055589843749999975,0.009657773870150585
old,shorter,43,E,heating_windows/near_threshold,0.00026937500000000003,5.781249999999993e-05,5.4609374999999984e-05,0.00013015624999999982,0.00012695312499999992,0.1041581437413869
old,shorter,43,E,heating_windows/outside_threshold,0.2802306249999986,6.054687499999993e-05,8.242187500000004e-05,0.0014771875000000004,0.0014990625000000008,0.010470579415902315
old,shorter,43,F,full_history/near_threshold,0.00125390625,0.0002355468749999993,0.0002600781250000005,0.0006003124999999998,0.0006248437500000005,0.1104362864134447
old,shorter,43,F,full_history/outside_threshold,0.9987460937499946,0.0003043749999999995,0.00039773437500000133,0.005290468750000002,0.005383828124999995,0.012248782571109458
old,shorter,43,F,heating_windows/near_threshold,0.00026937500000000003,7.421874999999993e-05,4.101562499999998e-05,0.00013015624999999982,9.695312499999987e-05,0.15836045720501127
old,shorter,43,F,heating_windows/outside_threshold,0.2802306249999986,0.00018359374999999997,0.00014148437499999976,0.0014771875000000004,0.001435078125,0.018387616871165916
refined,original,29,E,full_history/near_threshold,0.0011393749999999991,0.0001511718749999999,0.00030117187499999963,0.000548749999999999,0.0006987499999999998,0.09239271325089408
refined,original,29,E,full_history/outside_threshold,0.998860624999994,0.00010531249999999999,0.0004686718750000005,0.0045949999999999975,0.0049583593750000005,0.01058108075681646
refined,original,29,E,heating_windows/near_threshold,0.00022625000000000002,3.8359374999999955e-05,5.187499999999997e-05,0.00010999999999999999,0.000123515625,0.10568472400484862
refined,original,29,E,heating_windows/outside_threshold,0.2802737499999987,4.8437500000000005e-05,7.734374999999993e-05,0.0012034375000000003,0.0012323437500000004,0.010289074600234809
refined,original,29,F,full_history/near_threshold,0.0011393749999999991,0.00019828124999999954,0.0002750000000000003,0.000548749999999999,0.0006254687500000004,0.10699842027773751
refined,original,29,F,full_history/outside_threshold,0.998860624999994,0.0002201562499999998,0.0005271875000000003,0.0045949999999999975,0.004902031249999996,0.012676028576963306
refined,original,29,F,heating_windows/near_threshold,0.00022625000000000002,5.601562500000001e-05,3.882812500000001e-05,0.00010999999999999999,9.281249999999999e-05,0.1313181804030656
refined,original,29,F,heating_windows/outside_threshold,0.2802737499999987,0.00011031250000000003,7.874999999999996e-05,0.0012034375000000003,0.0011718750000000008,0.013455991084526013
refined,original,43,E,full_history/near_threshold,0.0011393749999999991,0.00019781249999999926,0.0002765625,0.000548749999999999,0.0006274999999999995,0.11046479267693024
refined,original,43,E,full_history/outside_threshold,0.998860624999994,0.00023078124999999984,0.0004232031250000003,0.0045949999999999975,0.004787421874999994,0.011311759720932197
refined,original,43,E,heating_windows/near_threshold,0.00022625000000000002,4.593749999999995e-05,4.5e-05,0.00010999999999999999,0.00010906249999999999,0.13229486533980994
refined,original,43,E,heating_windows/outside_threshold,0.2802737499999987,9.656250000000004e-05,0.00011039062499999995,0.0012034375000000003,0.0012172656250000002,0.014574961486667945
refined,original,43,F,full_history/near_threshold,0.0011393749999999991,0.00023085937499999935,0.0002459374999999994,0.000548749999999999,0.0005638281250000003,0.11555225246119603
refined,original,43,F,full_history/outside_threshold,0.998860624999994,0.00028453125000000033,0.00048773437500000113,0.0045949999999999975,0.004798203124999998,0.012901115178857211
refined,original,43,F,heating_windows/near_threshold,0.00022625000000000002,6.249999999999999e-05,3.7812499999999964e-05,0.00010999999999999999,8.531249999999998e-05,0.1412570826075363
refined,original,43,F,heating_windows/outside_threshold,0.2802737499999987,0.00011265624999999992,0.0001917187499999999,0.0012034375000000003,0.0012825000000000007,0.01931703916077812
refined,shorter,29,E,full_history/near_threshold,0.0012548437499999997,0.00019093749999999943,0.00031773437500000036,0.00059953125,0.0007263281250000002,0.10254434131138689
refined,shorter,29,E,full_history/outside_threshold,0.9987451562499953,0.00018312499999999978,0.00039046875000000024,0.0052929687500000025,0.005500312499999999,0.009797205557688581
refined,shorter,29,E,heating_windows/near_threshold,0.00026937500000000003,5.8281249999999936e-05,4.8671875000000036e-05,0.00013015624999999982,0.00012054687499999989,0.11006866684327411
refined,shorter,29,E,heating_windows/outside_threshold,0.2802306249999987,6.179687500000004e-05,8.476562500000002e-05,0.0014715625000000002,0.0014945312500000002,0.011426348244707537
refined,shorter,29,F,full_history/near_threshold,0.0012548437499999997,0.0002156249999999992,0.000299765625000001,0.00059953125,0.0006836718749999996,0.11623984645707595
refined,shorter,29,F,full_history/outside_threshold,0.9987451562499953,0.00027335937499999957,0.00046984375000000113,0.0052929687500000025,0.005489453124999998,0.012451693598675222
refined,shorter,29,F,heating_windows/near_threshold,0.00026937500000000003,5.195312499999991e-05,6.132812500000008e-05,0.00013015624999999982,0.00013953124999999995,0.1279978809942433
refined,shorter,29,F,heating_windows/outside_threshold,0.2802306249999987,9.804687500000008e-05,0.000152421875,0.0014715625000000002,0.001525937500000001,0.01703793980532811
refined,shorter,43,E,full_history/near_threshold,0.0012548437499999997,0.0001924218749999993,0.0003113281250000013,0.00059953125,0.0007184375000000013,0.09620648795769264
refined,shorter,43,E,full_history/outside_threshold,0.9987451562499953,0.0001490624999999999,0.0004147656250000008,0.0052929687500000025,0.005558671874999994,0.009641761973127005
refined,shorter,43,E,heating_windows/near_threshold,0.00026937500000000003,5.710937499999996e-05,5.5390624999999986e-05,0.00013015624999999982,0.00012843749999999992,0.10339058273488458
refined,shorter,43,E,heating_windows/outside_threshold,0.2802306249999987,5.765624999999996e-05,8.367187500000006e-05,0.0014715625000000002,0.001497578125000001,0.010492307277145927
refined,shorter,43,F,full_history/near_threshold,0.0012548437499999997,0.00023523437499999928,0.00025976562500000045,0.00059953125,0.0006240625000000004,0.10977811943187192
refined,shorter,43,F,full_history/outside_threshold,0.9987451562499953,0.0003042187499999995,0.00039585937500000124,0.0052929687500000025,0.005384609374999996,0.012240115449614467
refined,shorter,43,F,heating_windows/near_threshold,0.00026937500000000003,7.437499999999994e-05,4.210937499999999e-05,0.00013015624999999982,9.789062499999989e-05,0.15745999366197969
refined,shorter,43,F,heating_windows/outside_threshold,0.2802306249999987,0.00018078124999999995,0.0001433593749999998,0.0014715625000000002,0.0014341406250000003,0.01840111075298443
spatial,original,29,E,full_history/near_threshold,0.0011381249999999992,0.00014804687499999988,0.0003181249999999997,0.0005439062499999997,0.0007139843750000011,0.10005705480316848
spatial,original,29,E,full_history/outside_threshold,0.9988618749999943,0.00010562499999999987,0.00053390625,0.004514843749999999,0.004943125000000003,0.011089553928850979
spatial,original,29,E,heating_windows/near_threshold,0.00022828125000000002,3.820312499999996e-05,5.5703125000000055e-05,0.00010921875000000001,0.00012671875000000001,0.11624171226405931
spatial,original,29,E,heating_windows/outside_threshold,0.2802717187499986,5.0703124999999974e-05,9.187499999999986e-05,0.0011879687500000007,0.0012291406250000004,0.010769578072565405
spatial,original,29,F,full_history/near_threshold,0.0011381249999999992,0.00019023437499999935,0.0002859375000000001,0.0005439062499999997,0.0006396093750000015,0.1129776719082226
spatial,original,29,F,full_history/outside_threshold,0.9988618749999943,0.00021867187499999957,0.0005917187500000002,0.004514843749999999,0.004887890624999993,0.013077371469437007
spatial,original,29,F,heating_windows/near_threshold,0.00022828125000000002,5.390624999999998e-05,4.390625000000002e-05,0.00010921875000000001,9.921875000000005e-05,0.13657967999730927
spatial,original,29,F,heating_windows/outside_threshold,0.2802717187499986,0.00011132812500000003,8.882812499999999e-05,0.0011879687500000007,0.0011654687499999998,0.01366608333884407
spatial,original,43,E,full_history/near_threshold,0.0011381249999999992,0.00019124999999999917,0.00028492187499999975,0.0005439062499999997,0.000637578125000001,0.11691840195495422
spatial,original,43,E,full_history/outside_threshold,0.9988618749999943,0.00022523437499999974,0.00048773437500000086,0.004514843749999999,0.004777343750000004,0.011712466788034503
spatial,original,43,E,heating_windows/near_threshold,0.00022828125000000002,4.531249999999994e-05,4.8437500000000005e-05,0.00010921875000000001,0.00011234375000000003,0.1398833020204954
spatial,original,43,E,heating_windows/outside_threshold,0.2802717187499986,9.695312500000001e-05,0.00012296874999999992,0.0011879687500000007,0.0012139843750000007,0.014892601363984386
spatial,original,43,F,full_history/near_threshold,0.0011381249999999992,0.00022265624999999911,0.0002481249999999998,0.0005439062499999997,0.0005693750000000011,0.12110871545287832
spatial,original,43,F,full_history/outside_threshold,0.9988618749999943,0.00027617187500000043,0.0005539843750000008,0.004514843749999999,0.004792656250000002,0.013232573660080689
spatial,original,43,F,heating_windows/near_threshold,0.00022828125000000002,5.9453124999999976e-05,3.921875000000001e-05,0.00010921875000000001,8.8984375e-05,0.14588974078852837
spatial,original,43,F,heating_windows/outside_threshold,0.2802717187499986,0.00011171874999999987,0.00020257812499999993,0.0011879687500000007,0.001278828125,0.01947658737658719
spatial,shorter,29,E,full_history/near_threshold,0.001256093750000001,0.00018562499999999943,0.00032492187500000023,0.0005998437500000015,0.0007391406249999999,0.10839643201101007
spatial,shorter,29,E,full_history/outside_threshold,0.9987439062499955,0.0001784374999999998,0.0004575000000000002,0.005208437500000002,0.005487499999999995,0.010277560410583492
spatial,shorter,29,E,heating_windows/near_threshold,0.0002707812500000001,5.570312499999993e-05,5.046875000000002e-05,0.00013062500000000002,0.00012539062499999996,0.11663378734729055
spatial,shorter,29,E,heating_windows/outside_threshold,0.2802292187499987,6.195312499999997e-05,9.898437500000005e-05,0.0014526562500000006,0.0014896875000000001,0.011804106705177541
spatial,shorter,29,F,full_history/near_threshold,0.001256093750000001,0.00021023437499999932,0.0003062500000000003,0.0005998437500000015,0.0006958593750000001,0.12026592068009638
spatial,shorter,29,F,full_history/outside_threshold,0.9987439062499955,0.0002625781249999995,0.0005314062500000016,0.005208437500000002,0.005477265624999997,0.012762782448085678
spatial,shorter,29,F,heating_windows/near_threshold,0.0002707812500000001,4.953124999999993e-05,6.132812500000002e-05,0.00013062500000000002,0.00014242187500000008,0.13181456533497865
spatial,shorter,29,F,heating_windows/outside_threshold,0.2802292187499987,9.523437500000005e-05,0.00016562499999999995,0.0014526562500000006,0.001523046875000001,0.017178037726596693
spatial,shorter,43,E,full_history/near_threshold,0.001256093750000001,0.00019414062499999946,0.0003178125000000008,0.0005998437500000015,0.0007235156250000001,0.10335859846491112
spatial,shorter,43,E,full_history/outside_threshold,0.9987439062499955,0.00014898437499999987,0.0004941406250000007,0.005208437500000002,0.005553593749999998,0.010241311933151009
spatial,shorter,43,E,heating_windows/near_threshold,0.0002707812500000001,5.523437499999997e-05,5.75e-05,0.00013062500000000002,0.000132890625,0.11220276344698708
spatial,shorter,43,E,heating_windows/outside_threshold,0.2802292187499987,6.0624999999999915e-05,0.00010109375,0.0014526562500000006,0.0014931250000000005,0.011000665482557166
spatial,shorter,43,F,full_history/near_threshold,0.001256093750000001,0.0002308593749999993,0.00026906250000000053,0.0005998437500000015,0.0006380468750000002,0.11560823701173255
spatial,shorter,43,F,full_history/outside_threshold,0.9987439062499955,0.00030031249999999964,0.0004625000000000012,0.005208437500000002,0.0053706249999999935,0.01261414888406352
spatial,shorter,43,F,heating_windows/near_threshold,0.0002707812500000001,7.218749999999999e-05,4.562499999999995e-05,0.00013062500000000002,0.00010406249999999988,0.16208524021430204
spatial,shorter,43,F,heating_windows/outside_threshold,0.2802292187499987,0.00018054687500000002,0.00015585937499999996,0.0014526562500000006,0.0014279687500000002,0.018571696702172857
