role,origin,S,Ephi,ET,EV,current_percent,power_percent,energy_percent,strict
E0,"inherited development comparison, not pooled with clean pairs",0.0011285156250000002,0.0234146837479853,0.012423696354333451,0.0038311927056869817,2.5549043917207457,2.6414635900221413,1.2356181401987512,False
D_E,"inherited development comparison, not pooled with clean pairs",0.0007870312499999999,0.015582121110219246,0.010714735194585883,0.0011088373946056575,0.7242569183880068,0.7213228405112204,0.2881985053542954,False
P_E,"inherited development comparison, not pooled with clean pairs",0.0008190625,0.01599967728295512,0.010662242314353153,0.0010848243068587945,0.6938186792647961,0.6817306280447462,0.21883069392803095,False
B_E,"inherited development comparison, not pooled with clean pairs",0.0014084375000000002,0.023769782205783657,0.013278255127362866,0.002558449869505918,1.7282289380764062,1.7562292993545878,1.1849409958004113,False
F_raw/network,"inherited development comparison, not pooled with clean pairs",0.000858203125,0.016691389577353725,0.010985539219298625,0.00443234495144365,279.29999984856124,20.118132410176123,19.2658976575891,False
F_raw/projected,"inherited development comparison, not pooled with clean pairs",0.000858203125,0.016691389577353725,0.010985539219298625,0.001754891314366829,1.0711119738664492,1.065120657995646,0.24937122270838977,False
F_full/network,"inherited development comparison, not pooled with clean pairs",0.0009050781250000001,0.017224287750074077,0.01088826483735038,0.004836381118864011,38.75356870399478,6.610591612070797,6.514554733974835,False
F_full/projected,"inherited development comparison, not pooled with clean pairs",0.0009050781250000001,0.017224287750074077,0.01088826483735038,0.001793807667976757,1.186644635037266,1.19018446205881,0.03617150999832295,False
F_bal/projected,"inherited development comparison, not pooled with clean pairs",0.000862890625,0.017166454293564788,0.010784774881579069,0.002413729381209489,1.60777034542008,1.6505301125966556,0.6774783531515705,False
