reference,reader,object,cycle,start,end,reference_energy,predicted_energy,signed_energy_error
old,coarse,shorter/29/E,1,0.0,0.35,0.2143791509123535,0.2144754029227266,9.625201037314013e-05
old,coarse,shorter/29/E,2,1.01,1.36,0.21914964157802452,0.22024483078738505,0.0010951892093605151
old,coarse,shorter/29/D_E,1,0.0,0.35,0.2143791509123535,0.21471074423060482,0.00033159331825136974
old,coarse,shorter/29/D_E,2,1.01,1.36,0.21914964157802452,0.22032308162457823,0.0011734400465536628
old,coarse,shorter/29/F,1,0.0,0.35,0.2143791509123535,0.21435502350597332,-2.4127406380152607e-05
old,coarse,shorter/29/F,2,1.01,1.36,0.21914964157802452,0.20589242066799857,-0.013257220910025987
old,coarse,shorter/43/E,1,0.0,0.35,0.2143791509123535,0.21401183015194516,-0.00036732076040831723
old,coarse,shorter/43/E,2,1.01,1.36,0.21914964157802452,0.2203347877926407,0.001185146214616172
old,coarse,shorter/43/D_E,1,0.0,0.35,0.2143791509123535,0.21407017596684053,-0.00030897494551293417
old,coarse,shorter/43/D_E,2,1.01,1.36,0.21914964157802452,0.22027801556450155,0.0011283739864769774
old,coarse,shorter/43/F,1,0.0,0.35,0.2143791509123535,0.21392705825603114,-0.0004520926563223553
old,coarse,shorter/43/F,2,1.01,1.36,0.21914964157802452,0.20564953890143756,-0.013500102676586983
old,coarse,shorter/B_E,1,0.0,0.35,0.2143791509123535,0.21187180702172392,-0.0025073438906295454
old,coarse,shorter/B_E,2,1.01,1.36,0.21914964157802452,0.2051901835842,-0.013959457993824559
old,fine,shorter/29/E,1,0.0,0.35,0.2143791509123535,0.21475845011207578,0.0003792991997222827
old,fine,shorter/29/E,2,1.01,1.36,0.21914964157802452,0.22053329978950964,0.0013836582114850765
old,fine,shorter/29/D_E,1,0.0,0.35,0.2143791509123535,0.2149931317683993,0.0006139808560458313
old,fine,shorter/29/D_E,2,1.01,1.36,0.21914964157802452,0.22062900246073558,0.001479360882711017
old,fine,shorter/29/F,1,0.0,0.35,0.2143791509123535,0.21464607675123779,0.00026692583888433466
old,fine,shorter/29/F,2,1.01,1.36,0.21914964157802452,0.20624494381380004,-0.012904697764224506
old,fine,shorter/43/E,1,0.0,0.35,0.2143791509123535,0.21429652989430895,-8.262101804453785e-05
old,fine,shorter/43/E,2,1.01,1.36,0.21914964157802452,0.2206052712435025,0.0014556296654779427
old,fine,shorter/43/D_E,1,0.0,0.35,0.2143791509123535,0.21435535772053274,-2.3793191820733492e-05
old,fine,shorter/43/D_E,2,1.01,1.36,0.21914964157802452,0.22055065641371774,0.0014010148356932003
old,fine,shorter/43/F,1,0.0,0.35,0.2143791509123535,0.21421752111223485,-0.0001616298001186164
old,fine,shorter/43/F,2,1.01,1.36,0.21914964157802452,0.20597917944301242,-0.01317046213501216
old,fine,shorter/B_E,1,0.0,0.35,0.2143791509123535,0.2122001987822853,-0.002178952130068178
old,fine,shorter/B_E,2,1.01,1.36,0.21914964157802452,0.2055370954124544,-0.013612546165570167
refined,coarse,shorter/29/E,1,0.0,0.35,0.2143037337639257,0.2144754029227266,0.00017166915880092767
refined,coarse,shorter/29/E,2,1.01,1.36,0.2191005235789181,0.22024483078738505,0.00114430720846697
refined,coarse,shorter/29/D_E,1,0.0,0.35,0.2143037337639257,0.21471074423060482,0.0004070104666791572
refined,coarse,shorter/29/D_E,2,1.01,1.36,0.2191005235789181,0.22032308162457823,0.0012225580456601177
refined,coarse,shorter/29/F,1,0.0,0.35,0.2143037337639257,0.21435502350597332,5.128974204763497e-05
refined,coarse,shorter/29/F,2,1.01,1.36,0.2191005235789181,0.20589242066799857,-0.013208102910919534
refined,coarse,shorter/43/E,1,0.0,0.35,0.2143037337639257,0.21401183015194516,-0.0002919036119805297
refined,coarse,shorter/43/E,2,1.01,1.36,0.2191005235789181,0.2203347877926407,0.0012342642137226272
refined,coarse,shorter/43/D_E,1,0.0,0.35,0.2143037337639257,0.21407017596684053,-0.00023355779708514665
refined,coarse,shorter/43/D_E,2,1.01,1.36,0.2191005235789181,0.22027801556450155,0.0011774919855834323
refined,coarse,shorter/43/F,1,0.0,0.35,0.2143037337639257,0.21392705825603114,-0.0003766755078945677
refined,coarse,shorter/43/F,2,1.01,1.36,0.2191005235789181,0.20564953890143756,-0.013450984677480526
refined,coarse,shorter/B_E,1,0.0,0.35,0.2143037337639257,0.21187180702172392,-0.002431926742201758
refined,coarse,shorter/B_E,2,1.01,1.36,0.2191005235789181,0.2051901835842,-0.013910339994718104
refined,fine,shorter/29/E,1,0.0,0.35,0.2143037337639257,0.21475845011207578,0.00045471634815007027
refined,fine,shorter/29/E,2,1.01,1.36,0.2191005235789181,0.22053329978950964,0.0014327762105915318
refined,fine,shorter/29/D_E,1,0.0,0.35,0.2143037337639257,0.2149931317683993,0.0006893980044736188
refined,fine,shorter/29/D_E,2,1.01,1.36,0.2191005235789181,0.22062900246073558,0.0015284788818174721
refined,fine,shorter/29/F,1,0.0,0.35,0.2143037337639257,0.21464607675123779,0.0003423429873121222
refined,fine,shorter/29/F,2,1.01,1.36,0.2191005235789181,0.20624494381380004,-0.012855579765118055
refined,fine,shorter/43/E,1,0.0,0.35,0.2143037337639257,0.21429652989430895,-7.203869616750333e-06
refined,fine,shorter/43/E,2,1.01,1.36,0.2191005235789181,0.2206052712435025,0.0015047476645843976
refined,fine,shorter/43/D_E,1,0.0,0.35,0.2143037337639257,0.21435535772053274,5.162395660705405e-05
refined,fine,shorter/43/D_E,2,1.01,1.36,0.2191005235789181,0.22055065641371774,0.0014501328347996552
refined,fine,shorter/43/F,1,0.0,0.35,0.2143037337639257,0.21421752111223485,-8.621265169082883e-05
refined,fine,shorter/43/F,2,1.01,1.36,0.2191005235789181,0.20597917944301242,-0.013121344135905709
refined,fine,shorter/B_E,1,0.0,0.35,0.2143037337639257,0.2122001987822853,-0.00210353498164039
refined,fine,shorter/B_E,2,1.01,1.36,0.2191005235789181,0.2055370954124544,-0.013563428166463715
spatial,coarse,shorter/29/E,1,0.0,0.35,0.21456697442968875,0.2144754029227266,-9.157150696212114e-05
spatial,coarse,shorter/29/E,2,1.01,1.36,0.2193068469866643,0.22024483078738505,0.0009379838007207389
spatial,coarse,shorter/29/D_E,1,0.0,0.35,0.21456697442968875,0.21471074423060482,0.00014376980091610842
spatial,coarse,shorter/29/D_E,2,1.01,1.36,0.2193068469866643,0.22032308162457823,0.0010162346379138868
spatial,coarse,shorter/29/F,1,0.0,0.35,0.21456697442968875,0.21435502350597332,-0.00021195092371541392
spatial,coarse,shorter/29/F,2,1.01,1.36,0.2193068469866643,0.20589242066799857,-0.013414426318665762
spatial,coarse,shorter/43/E,1,0.0,0.35,0.21456697442968875,0.21401183015194516,-0.0005551442777435786
spatial,coarse,shorter/43/E,2,1.01,1.36,0.2193068469866643,0.2203347877926407,0.0010279408059763963
spatial,coarse,shorter/43/D_E,1,0.0,0.35,0.21456697442968875,0.21407017596684053,-0.0004967984628481954
spatial,coarse,shorter/43/D_E,2,1.01,1.36,0.2193068469866643,0.22027801556450155,0.0009711685778372014
spatial,coarse,shorter/43/F,1,0.0,0.35,0.21456697442968875,0.21392705825603114,-0.0006399161736576166
spatial,coarse,shorter/43/F,2,1.01,1.36,0.2193068469866643,0.20564953890143756,-0.013657308085226758
spatial,coarse,shorter/B_E,1,0.0,0.35,0.21456697442968875,0.21187180702172392,-0.002695167407964807
spatial,coarse,shorter/B_E,2,1.01,1.36,0.2193068469866643,0.2051901835842,-0.014116663402464336
spatial,fine,shorter/29/E,1,0.0,0.35,0.21456697442968875,0.21475845011207578,0.00019147568238702133
spatial,fine,shorter/29/E,2,1.01,1.36,0.2193068469866643,0.22053329978950964,0.0012264528028453005
spatial,fine,shorter/29/D_E,1,0.0,0.35,0.21456697442968875,0.2149931317683993,0.00042615733871057
spatial,fine,shorter/29/D_E,2,1.01,1.36,0.2193068469866643,0.22062900246073558,0.0013221554740712408
spatial,fine,shorter/29/F,1,0.0,0.35,0.21456697442968875,0.21464607675123779,7.910232154907326e-05
spatial,fine,shorter/29/F,2,1.01,1.36,0.2193068469866643,0.20624494381380004,-0.013061903172864283
spatial,fine,shorter/43/E,1,0.0,0.35,0.21456697442968875,0.21429652989430895,-0.0002704445353797992
spatial,fine,shorter/43/E,2,1.01,1.36,0.2193068469866643,0.2206052712435025,0.0012984242568381667
spatial,fine,shorter/43/D_E,1,0.0,0.35,0.21456697442968875,0.21435535772053274,-0.0002116167091559948
spatial,fine,shorter/43/D_E,2,1.01,1.36,0.2193068469866643,0.22055065641371774,0.001243809427053424
spatial,fine,shorter/43/F,1,0.0,0.35,0.21456697442968875,0.21421752111223485,-0.00034945331745387764
spatial,fine,shorter/43/F,2,1.01,1.36,0.2193068469866643,0.20597917944301242,-0.013327667543651939
spatial,fine,shorter/B_E,1,0.0,0.35,0.21456697442968875,0.2122001987822853,-0.0023667756474034392
spatial,fine,shorter/B_E,2,1.01,1.36,0.2193068469866643,0.2055370954124544,-0.013769751574209944
