time_s,voltage,current_top,current_bottom,active_mass_hat,joule_power,heat_sink_power,temperature_min,temperature_max,roi_depletion,annulus_depletion,relative_mass_drift,temperature_min_offset_k,temperature_max_offset_k
0.0,0.0,0.0,0.0,1.7777777777777786,0.0,6.0263962650710956e-18,299.9999999999985,300.00000000000034,0.0,0.0,0.0,-1.4779288903810084e-12,3.410605131648481e-13
0.005,0.0,0.0,0.0,1.7777777777777786,0.0,6.0263962650710956e-18,299.9999999999985,300.00000000000034,0.0,0.0,0.0,-1.4779288903810084e-12,3.410605131648481e-13
0.01,0.0,0.0,0.0,1.7777777777777786,0.0,6.0263962650710956e-18,299.9999999999985,300.00000000000034,0.0,0.0,0.0,-1.4779288903810084e-12,3.410605131648481e-13
0.015,0.0,0.0,0.0,1.7777777777777786,0.0,6.0263962650710956e-18,299.9999999999985,300.00000000000034,0.0,0.0,0.0,-1.4779288903810084e-12,3.410605131648481e-13
0.02,0.0,0.0,0.0,1.7777777777777786,0.0,6.0263962650710956e-18,299.9999999999985,300.00000000000034,0.0,0.0,0.0,-1.4779288903810084e-12,3.410605131648481e-13
0.025,0.0,0.0,0.0,1.7777777777777786,0.0,6.0263962650710956e-18,299.9999999999985,300.00000000000034,0.0,0.0,0.0,-1.4779288903810084e-12,3.410605131648481e-13
0.03,0.0,0.0,0.0,1.7777777777777786,0.0,6.0263962650710956e-18,299.9999999999985,300.00000000000034,0.0,0.0,0.0,-1.4779288903810084e-12,3.410605131648481e-13
0.035,0.0,0.0,0.0,1.7777777777777786,0.0,6.0263962650710956e-18,299.9999999999985,300.00000000000034,0.0,0.0,0.0,-1.4779288903810084e-12,3.410605131648481e-13
0.04,0.0,0.0,0.0,1.7777777777777786,0.0,6.0263962650710956e-18,299.9999999999985,300.00000000000034,0.0,0.0,0.0,-1.4779288903810084e-12,3.410605131648481e-13
0.045,0.0,0.0,0.0,1.7777777777777786,0.0,6.0263962650710956e-18,299.9999999999985,300.00000000000034,0.0,0.0,0.0,-1.4779288903810084e-12,3.410605131648481e-13
0.05,0.0,0.0,0.0,1.7777777777777786,0.0,6.0263962650710956e-18,299.9999999999985,300.00000000000034,0.0,0.0,0.0,-1.4779288903810084e-12,3.410605131648481e-13
0.05500000000000001,0.0,0.0,0.0,1.7777777777777786,0.0,6.0263962650710956e-18,299.9999999999985,300.00000000000034,0.0,0.0,0.0,-1.4779288903810084e-12,3.410605131648481e-13
0.06,0.0,0.0,0.0,1.7777777777777786,0.0,6.0263962650710956e-18,299.9999999999985,300.00000000000034,0.0,0.0,0.0,-1.4779288903810084e-12,3.410605131648481e-13
0.065,0.0,0.0,0.0,1.7777777777777786,0.0,6.0263962650710956e-18,299.9999999999985,300.00000000000034,0.0,0.0,0.0,-1.4779288903810084e-12,3.410605131648481e-13
0.07,0.0,0.0,0.0,1.7777777777777786,0.0,6.0263962650710956e-18,299.9999999999985,300.00000000000034,0.0,0.0,0.0,-1.4779288903810084e-12,3.410605131648481e-13
0.075,0.0,0.0,0.0,1.7777777777777786,0.0,6.0263962650710956e-18,299.9999999999985,300.00000000000034,0.0,0.0,0.0,-1.4779288903810084e-12,3.410605131648481e-13
0.08,0.0,0.0,0.0,1.7777777777777786,0.0,6.0263962650710956e-18,299.9999999999985,300.00000000000034,0.0,0.0,0.0,-1.4779288903810084e-12,3.410605131648481e-13
0.085,0.0,0.0,0.0,1.7777777777777786,0.0,6.0263962650710956e-18,299.9999999999985,300.00000000000034,0.0,0.0,0.0,-1.4779288903810084e-12,3.410605131648481e-13
0.09000000000000001,0.0,0.0,0.0,1.7777777777777786,0.0,6.0263962650710956e-18,299.9999999999985,300.00000000000034,0.0,0.0,0.0,-1.4779288903810084e-12,3.410605131648481e-13
0.095,0.0,0.0,0.0,1.7777777777777786,0.0,6.0263962650710956e-18,299.9999999999985,300.00000000000034,0.0,0.0,0.0,-1.4779288903810084e-12,3.410605131648481e-13
0.1,0.0,0.0,0.0,1.7777777777777786,0.0,6.0263962650710956e-18,299.9999999999985,300.00000000000034,0.0,0.0,0.0,-1.4779288903810084e-12,3.410605131648481e-13
0.10500000000000001,0.0,0.0,0.0,1.7777777777777786,0.0,6.0263962650710956e-18,299.9999999999985,300.00000000000034,0.0,0.0,0.0,-1.4779288903810084e-12,3.410605131648481e-13
0.11,0.0,0.0,0.0,1.7777777777777786,0.0,6.0263962650710956e-18,299.9999999999985,300.00000000000034,0.0,0.0,0.0,-1.4779288903810084e-12,3.410605131648481e-13
0.115,0.0,0.0,0.0,1.7777777777777786,0.0,6.0263962650710956e-18,299.9999999999985,300.00000000000034,0.0,0.0,0.0,-1.4779288903810084e-12,3.410605131648481e-13
0.12000000000000001,0.0,0.0,0.0,1.7777777777777786,0.0,6.0263962650710956e-18,299.9999999999985,300.00000000000034,0.0,0.0,0.0,-1.4779288903810084e-12,3.410605131648481e-13
0.125,0.0,0.0,0.0,1.7777777777777786,0.0,6.0263962650710956e-18,299.9999999999985,300.00000000000034,0.0,0.0,0.0,-1.4779288903810084e-12,3.410605131648481e-13
0.13,0.0,0.0,0.0,1.7777777777777786,0.0,6.0263962650710956e-18,299.9999999999985,300.00000000000034,0.0,0.0,0.0,-1.4779288903810084e-12,3.410605131648481e-13
0.135,0.0,0.0,0.0,1.7777777777777786,0.0,6.0263962650710956e-18,299.9999999999985,300.00000000000034,0.0,0.0,0.0,-1.4779288903810084e-12,3.410605131648481e-13
0.13999999999999999,0.0,0.0,0.0,1.7777777777777786,0.0,6.0263962650710956e-18,299.9999999999985,300.00000000000034,0.0,0.0,0.0,-1.4779288903810084e-12,3.410605131648481e-13
0.145,0.0,0.0,0.0,1.7777777777777786,0.0,6.0263962650710956e-18,299.9999999999985,300.00000000000034,0.0,0.0,0.0,-1.4779288903810084e-12,3.410605131648481e-13
0.15,0.0,0.0,0.0,1.7777777777777786,0.0,6.0263962650710956e-18,299.9999999999985,300.00000000000034,0.0,0.0,0.0,-1.4779288903810084e-12,3.410605131648481e-13
0.155,0.0,0.0,0.0,1.7777777777777786,0.0,6.0263962650710956e-18,299.9999999999985,300.00000000000034,0.0,0.0,0.0,-1.4779288903810084e-12,3.410605131648481e-13
0.16,0.0,0.0,0.0,1.7777777777777786,0.0,6.0263962650710956e-18,299.9999999999985,300.00000000000034,0.0,0.0,0.0,-1.4779288903810084e-12,3.410605131648481e-13
0.16499999999999998,0.0,0.0,0.0,1.7777777777777786,0.0,6.0263962650710956e-18,299.9999999999985,300.00000000000034,0.0,0.0,0.0,-1.4779288903810084e-12,3.410605131648481e-13
0.16999999999999998,0.0,0.0,0.0,1.7777777777777786,0.0,6.0263962650710956e-18,299.9999999999985,300.00000000000034,0.0,0.0,0.0,-1.4779288903810084e-12,3.410605131648481e-13
0.175,0.0,0.0,0.0,1.7777777777777786,0.0,6.0263962650710956e-18,299.9999999999985,300.00000000000034,0.0,0.0,0.0,-1.4779288903810084e-12,3.410605131648481e-13
0.18,0.0,0.0,0.0,1.7777777777777786,0.0,6.0263962650710956e-18,299.9999999999985,300.00000000000034,0.0,0.0,0.0,-1.4779288903810084e-12,3.410605131648481e-13
0.185,0.0,0.0,0.0,1.7777777777777786,0.0,6.0263962650710956e-18,299.9999999999985,300.00000000000034,0.0,0.0,0.0,-1.4779288903810084e-12,3.410605131648481e-13
0.19,0.0,0.0,0.0,1.7777777777777786,0.0,6.0263962650710956e-18,299.9999999999985,300.00000000000034,0.0,0.0,0.0,-1.4779288903810084e-12,3.410605131648481e-13
0.195,0.0,0.0,0.0,1.7777777777777786,0.0,6.0263962650710956e-18,299.9999999999985,300.00000000000034,0.0,0.0,0.0,-1.4779288903810084e-12,3.410605131648481e-13
0.19999999999999998,0.0,0.0,0.0,1.7777777777777786,0.0,6.0263962650710956e-18,299.9999999999985,300.00000000000034,0.0,0.0,0.0,-1.4779288903810084e-12,3.410605131648481e-13
0.205,0.0,0.0,0.0,1.7777777777777786,0.0,6.0263962650710956e-18,299.9999999999985,300.00000000000034,0.0,0.0,0.0,-1.4779288903810084e-12,3.410605131648481e-13
0.21,0.0,0.0,0.0,1.7777777777777786,0.0,6.0263962650710956e-18,299.9999999999985,300.00000000000034,0.0,0.0,0.0,-1.4779288903810084e-12,3.410605131648481e-13
0.215,0.0,0.0,0.0,1.7777777777777786,0.0,6.0263962650710956e-18,299.9999999999985,300.00000000000034,0.0,0.0,0.0,-1.4779288903810084e-12,3.410605131648481e-13
0.22,0.0,0.0,0.0,1.7777777777777786,0.0,6.0263962650710956e-18,299.9999999999985,300.00000000000034,0.0,0.0,0.0,-1.4779288903810084e-12,3.410605131648481e-13
0.225,0.0,0.0,0.0,1.7777777777777786,0.0,6.0263962650710956e-18,299.9999999999985,300.00000000000034,0.0,0.0,0.0,-1.4779288903810084e-12,3.410605131648481e-13
0.22999999999999998,0.0,0.0,0.0,1.7777777777777786,0.0,6.0263962650710956e-18,299.9999999999985,300.00000000000034,0.0,0.0,0.0,-1.4779288903810084e-12,3.410605131648481e-13
0.235,0.0,0.0,0.0,1.7777777777777786,0.0,6.0263962650710956e-18,299.9999999999985,300.00000000000034,0.0,0.0,0.0,-1.4779288903810084e-12,3.410605131648481e-13
0.24,0.0,0.0,0.0,1.7777777777777786,0.0,6.0263962650710956e-18,299.9999999999985,300.00000000000034,0.0,0.0,0.0,-1.4779288903810084e-12,3.410605131648481e-13
0.245,0.0,0.0,0.0,1.7777777777777786,0.0,6.0263962650710956e-18,299.9999999999985,300.00000000000034,0.0,0.0,0.0,-1.4779288903810084e-12,3.410605131648481e-13
0.25,0.0,0.0,0.0,1.7777777777777786,0.0,6.0263962650710956e-18,299.9999999999985,300.00000000000034,0.0,0.0,0.0,-1.4779288903810084e-12,3.410605131648481e-13
0.255,0.0,0.0,0.0,1.7777777777777786,0.0,6.0263962650710956e-18,299.9999999999985,300.00000000000034,0.0,0.0,0.0,-1.4779288903810084e-12,3.410605131648481e-13
0.26,0.0,0.0,0.0,1.7777777777777786,0.0,6.0263962650710956e-18,299.9999999999985,300.00000000000034,0.0,0.0,0.0,-1.4779288903810084e-12,3.410605131648481e-13
0.265,0.0,0.0,0.0,1.7777777777777786,0.0,6.0263962650710956e-18,299.9999999999985,300.00000000000034,0.0,0.0,0.0,-1.4779288903810084e-12,3.410605131648481e-13
0.27,0.0,0.0,0.0,1.7777777777777786,0.0,6.0263962650710956e-18,299.9999999999985,300.00000000000034,0.0,0.0,0.0,-1.4779288903810084e-12,3.410605131648481e-13
0.275,0.0,0.0,0.0,1.7777777777777786,0.0,6.0263962650710956e-18,299.9999999999985,300.00000000000034,0.0,0.0,0.0,-1.4779288903810084e-12,3.410605131648481e-13
0.28,0.0,0.0,0.0,1.7777777777777786,0.0,6.0263962650710956e-18,299.9999999999985,300.00000000000034,0.0,0.0,0.0,-1.4779288903810084e-12,3.410605131648481e-13
0.28500000000000003,0.0,0.0,0.0,1.7777777777777786,0.0,6.0263962650710956e-18,299.9999999999985,300.00000000000034,0.0,0.0,0.0,-1.4779288903810084e-12,3.410605131648481e-13
0.29000000000000004,0.0,0.0,0.0,1.7777777777777786,0.0,6.0263962650710956e-18,299.9999999999985,300.00000000000034,0.0,0.0,0.0,-1.4779288903810084e-12,3.410605131648481e-13
0.29500000000000004,0.0,0.0,0.0,1.7777777777777786,0.0,6.0263962650710956e-18,299.9999999999985,300.00000000000034,0.0,0.0,0.0,-1.4779288903810084e-12,3.410605131648481e-13
0.30000000000000004,0.0,0.0,0.0,1.7777777777777786,0.0,6.0263962650710956e-18,299.9999999999985,300.00000000000034,0.0,0.0,0.0,-1.4779288903810084e-12,3.410605131648481e-13
0.30500000000000005,0.0,0.0,0.0,1.7777777777777786,0.0,6.0263962650710956e-18,299.9999999999985,300.00000000000034,0.0,0.0,0.0,-1.4779288903810084e-12,3.410605131648481e-13
0.31,0.0,0.0,0.0,1.7777777777777786,0.0,6.0263962650710956e-18,299.9999999999985,300.00000000000034,0.0,0.0,0.0,-1.4779288903810084e-12,3.410605131648481e-13
0.315,0.0,0.0,0.0,1.7777777777777786,0.0,6.0263962650710956e-18,299.9999999999985,300.00000000000034,0.0,0.0,0.0,-1.4779288903810084e-12,3.410605131648481e-13
0.32,0.0,0.0,0.0,1.7777777777777786,0.0,6.0263962650710956e-18,299.9999999999985,300.00000000000034,0.0,0.0,0.0,-1.4779288903810084e-12,3.410605131648481e-13
0.325,0.0,0.0,0.0,1.7777777777777786,0.0,6.0263962650710956e-18,299.9999999999985,300.00000000000034,0.0,0.0,0.0,-1.4779288903810084e-12,3.410605131648481e-13
0.33,0.0,0.0,0.0,1.7777777777777786,0.0,6.0263962650710956e-18,299.9999999999985,300.00000000000034,0.0,0.0,0.0,-1.4779288903810084e-12,3.410605131648481e-13
0.335,0.0,0.0,0.0,1.7777777777777786,0.0,6.0263962650710956e-18,299.9999999999985,300.00000000000034,0.0,0.0,0.0,-1.4779288903810084e-12,3.410605131648481e-13
0.33999999999999997,0.0,0.0,0.0,1.7777777777777786,0.0,6.0263962650710956e-18,299.9999999999985,300.00000000000034,0.0,0.0,0.0,-1.4779288903810084e-12,3.410605131648481e-13
0.345,0.0,0.0,0.0,1.7777777777777786,0.0,6.0263962650710956e-18,299.9999999999985,300.00000000000034,0.0,0.0,0.0,-1.4779288903810084e-12,3.410605131648481e-13
0.35,0.0,0.0,0.0,1.7777777777777786,0.0,6.0263962650710956e-18,299.9999999999985,300.00000000000034,0.0,0.0,0.0,-1.4779288903810084e-12,3.410605131648481e-13
0.355,0.0,0.0,0.0,1.7777777777777786,0.0,6.0263962650710956e-18,299.9999999999985,300.00000000000034,0.0,0.0,0.0,-1.4779288903810084e-12,3.410605131648481e-13
0.36,0.0,0.0,0.0,1.7777777777777786,0.0,6.0263962650710956e-18,299.9999999999985,300.00000000000034,0.0,0.0,0.0,-1.4779288903810084e-12,3.410605131648481e-13
0.365,0.0,0.0,0.0,1.7777777777777786,0.0,6.0263962650710956e-18,299.9999999999985,300.00000000000034,0.0,0.0,0.0,-1.4779288903810084e-12,3.410605131648481e-13
0.37,0.0,0.0,0.0,1.7777777777777786,0.0,6.0263962650710956e-18,299.9999999999985,300.00000000000034,0.0,0.0,0.0,-1.4779288903810084e-12,3.410605131648481e-13
0.375,0.0,0.0,0.0,1.7777777777777786,0.0,6.0263962650710956e-18,299.9999999999985,300.00000000000034,0.0,0.0,0.0,-1.4779288903810084e-12,3.410605131648481e-13
0.38,0.0,0.0,0.0,1.7777777777777786,0.0,6.0263962650710956e-18,299.9999999999985,300.00000000000034,0.0,0.0,0.0,-1.4779288903810084e-12,3.410605131648481e-13
0.385,0.0,0.0,0.0,1.7777777777777786,0.0,6.0263962650710956e-18,299.9999999999985,300.00000000000034,0.0,0.0,0.0,-1.4779288903810084e-12,3.410605131648481e-13
0.39,0.0,0.0,0.0,1.7777777777777786,0.0,6.0263962650710956e-18,299.9999999999985,300.00000000000034,0.0,0.0,0.0,-1.4779288903810084e-12,3.410605131648481e-13
0.395,0.0,0.0,0.0,1.7777777777777786,0.0,6.0263962650710956e-18,299.9999999999985,300.00000000000034,0.0,0.0,0.0,-1.4779288903810084e-12,3.410605131648481e-13
0.4,0.0,0.0,0.0,1.7777777777777786,0.0,6.0263962650710956e-18,299.9999999999985,300.00000000000034,0.0,0.0,0.0,-1.4779288903810084e-12,3.410605131648481e-13
0.405,0.0,0.0,0.0,1.7777777777777786,0.0,6.0263962650710956e-18,299.9999999999985,300.00000000000034,0.0,0.0,0.0,-1.4779288903810084e-12,3.410605131648481e-13
0.41000000000000003,0.0,0.0,0.0,1.7777777777777786,0.0,6.0263962650710956e-18,299.9999999999985,300.00000000000034,0.0,0.0,0.0,-1.4779288903810084e-12,3.410605131648481e-13
0.41500000000000004,0.0,0.0,0.0,1.7777777777777786,0.0,6.0263962650710956e-18,299.9999999999985,300.00000000000034,0.0,0.0,0.0,-1.4779288903810084e-12,3.410605131648481e-13
0.42000000000000004,0.0,0.0,0.0,1.7777777777777786,0.0,6.0263962650710956e-18,299.9999999999985,300.00000000000034,0.0,0.0,0.0,-1.4779288903810084e-12,3.410605131648481e-13
0.42500000000000004,0.0,0.0,0.0,1.7777777777777786,0.0,6.0263962650710956e-18,299.9999999999985,300.00000000000034,0.0,0.0,0.0,-1.4779288903810084e-12,3.410605131648481e-13
0.43,0.0,0.0,0.0,1.7777777777777786,0.0,6.0263962650710956e-18,299.9999999999985,300.00000000000034,0.0,0.0,0.0,-1.4779288903810084e-12,3.410605131648481e-13
0.435,0.0,0.0,0.0,1.7777777777777786,0.0,6.0263962650710956e-18,299.9999999999985,300.00000000000034,0.0,0.0,0.0,-1.4779288903810084e-12,3.410605131648481e-13
0.44,0.0,0.0,0.0,1.7777777777777786,0.0,6.0263962650710956e-18,299.9999999999985,300.00000000000034,0.0,0.0,0.0,-1.4779288903810084e-12,3.410605131648481e-13
0.445,0.0,0.0,0.0,1.7777777777777786,0.0,6.0263962650710956e-18,299.9999999999985,300.00000000000034,0.0,0.0,0.0,-1.4779288903810084e-12,3.410605131648481e-13
0.45,0.0,0.0,0.0,1.7777777777777786,0.0,6.0263962650710956e-18,299.9999999999985,300.00000000000034,0.0,0.0,0.0,-1.4779288903810084e-12,3.410605131648481e-13
0.455,0.0,0.0,0.0,1.7777777777777786,0.0,6.0263962650710956e-18,299.9999999999985,300.00000000000034,0.0,0.0,0.0,-1.4779288903810084e-12,3.410605131648481e-13
0.46,0.0,0.0,0.0,1.7777777777777786,0.0,6.0263962650710956e-18,299.9999999999985,300.00000000000034,0.0,0.0,0.0,-1.4779288903810084e-12,3.410605131648481e-13
0.465,0.0,0.0,0.0,1.7777777777777786,0.0,6.0263962650710956e-18,299.9999999999985,300.00000000000034,0.0,0.0,0.0,-1.4779288903810084e-12,3.410605131648481e-13
0.47,0.0,0.0,0.0,1.7777777777777786,0.0,6.0263962650710956e-18,299.9999999999985,300.00000000000034,0.0,0.0,0.0,-1.4779288903810084e-12,3.410605131648481e-13
0.475,0.0,0.0,0.0,1.7777777777777786,0.0,6.0263962650710956e-18,299.9999999999985,300.00000000000034,0.0,0.0,0.0,-1.4779288903810084e-12,3.410605131648481e-13
0.48,0.0,0.0,0.0,1.7777777777777786,0.0,6.0263962650710956e-18,299.9999999999985,300.00000000000034,0.0,0.0,0.0,-1.4779288903810084e-12,3.410605131648481e-13
0.485,0.0,0.0,0.0,1.7777777777777786,0.0,6.0263962650710956e-18,299.9999999999985,300.00000000000034,0.0,0.0,0.0,-1.4779288903810084e-12,3.410605131648481e-13
0.49,0.0,0.0,0.0,1.7777777777777786,0.0,6.0263962650710956e-18,299.9999999999985,300.00000000000034,0.0,0.0,0.0,-1.4779288903810084e-12,3.410605131648481e-13
0.495,0.0,0.0,0.0,1.7777777777777786,0.0,6.0263962650710956e-18,299.9999999999985,300.00000000000034,0.0,0.0,0.0,-1.4779288903810084e-12,3.410605131648481e-13
0.5,0.0,0.0,0.0,1.7777777777777786,0.0,6.0263962650710956e-18,299.9999999999985,300.00000000000034,0.0,0.0,0.0,-1.4779288903810084e-12,3.410605131648481e-13
0.505,0.0,0.0,0.0,1.7777777777777786,0.0,6.0263962650710956e-18,299.9999999999985,300.00000000000034,0.0,0.0,0.0,-1.4779288903810084e-12,3.410605131648481e-13
0.51,0.0,0.0,0.0,1.7777777777777786,0.0,6.0263962650710956e-18,299.9999999999985,300.00000000000034,0.0,0.0,0.0,-1.4779288903810084e-12,3.410605131648481e-13
0.515,0.0,0.0,0.0,1.7777777777777786,0.0,6.0263962650710956e-18,299.9999999999985,300.00000000000034,0.0,0.0,0.0,-1.4779288903810084e-12,3.410605131648481e-13
0.52,0.0,0.0,0.0,1.7777777777777786,0.0,6.0263962650710956e-18,299.9999999999985,300.00000000000034,0.0,0.0,0.0,-1.4779288903810084e-12,3.410605131648481e-13
0.525,0.0,0.0,0.0,1.7777777777777786,0.0,6.0263962650710956e-18,299.9999999999985,300.00000000000034,0.0,0.0,0.0,-1.4779288903810084e-12,3.410605131648481e-13
0.53,0.0,0.0,0.0,1.7777777777777786,0.0,6.0263962650710956e-18,299.9999999999985,300.00000000000034,0.0,0.0,0.0,-1.4779288903810084e-12,3.410605131648481e-13
0.535,0.0,0.0,0.0,1.7777777777777786,0.0,6.0263962650710956e-18,299.9999999999985,300.00000000000034,0.0,0.0,0.0,-1.4779288903810084e-12,3.410605131648481e-13
0.54,0.0,0.0,0.0,1.7777777777777786,0.0,6.0263962650710956e-18,299.9999999999985,300.00000000000034,0.0,0.0,0.0,-1.4779288903810084e-12,3.410605131648481e-13
0.545,0.0,0.0,0.0,1.7777777777777786,0.0,6.0263962650710956e-18,299.9999999999985,300.00000000000034,0.0,0.0,0.0,-1.4779288903810084e-12,3.410605131648481e-13
0.55,0.0,0.0,0.0,1.7777777777777786,0.0,6.0263962650710956e-18,299.9999999999985,300.00000000000034,0.0,0.0,0.0,-1.4779288903810084e-12,3.410605131648481e-13
0.5549999999999999,0.0,0.0,0.0,1.7777777777777786,0.0,6.0263962650710956e-18,299.9999999999985,300.00000000000034,0.0,0.0,0.0,-1.4779288903810084e-12,3.410605131648481e-13
0.56,0.0,0.0,0.0,1.7777777777777786,0.0,6.0263962650710956e-18,299.9999999999985,300.00000000000034,0.0,0.0,0.0,-1.4779288903810084e-12,3.410605131648481e-13
0.565,0.0,0.0,0.0,1.7777777777777786,0.0,6.0263962650710956e-18,299.9999999999985,300.00000000000034,0.0,0.0,0.0,-1.4779288903810084e-12,3.410605131648481e-13
0.5700000000000001,0.0,0.0,0.0,1.7777777777777786,0.0,6.0263962650710956e-18,299.9999999999985,300.00000000000034,0.0,0.0,0.0,-1.4779288903810084e-12,3.410605131648481e-13
0.575,0.0,0.0,0.0,1.7777777777777786,0.0,6.0263962650710956e-18,299.9999999999985,300.00000000000034,0.0,0.0,0.0,-1.4779288903810084e-12,3.410605131648481e-13
0.58,0.0,0.0,0.0,1.7777777777777786,0.0,6.0263962650710956e-18,299.9999999999985,300.00000000000034,0.0,0.0,0.0,-1.4779288903810084e-12,3.410605131648481e-13
0.585,0.0,0.0,0.0,1.7777777777777786,0.0,6.0263962650710956e-18,299.9999999999985,300.00000000000034,0.0,0.0,0.0,-1.4779288903810084e-12,3.410605131648481e-13
0.59,0.0,0.0,0.0,1.7777777777777786,0.0,6.0263962650710956e-18,299.9999999999985,300.00000000000034,0.0,0.0,0.0,-1.4779288903810084e-12,3.410605131648481e-13
0.595,0.0,0.0,0.0,1.7777777777777786,0.0,6.0263962650710956e-18,299.9999999999985,300.00000000000034,0.0,0.0,0.0,-1.4779288903810084e-12,3.410605131648481e-13
0.6,0.0,0.0,0.0,1.7777777777777786,0.0,6.0263962650710956e-18,299.9999999999985,300.00000000000034,0.0,0.0,0.0,-1.4779288903810084e-12,3.410605131648481e-13
0.605,0.0,0.0,0.0,1.7777777777777786,0.0,6.0263962650710956e-18,299.9999999999985,300.00000000000034,0.0,0.0,0.0,-1.4779288903810084e-12,3.410605131648481e-13
0.61,0.0,0.0,0.0,1.7777777777777786,0.0,6.0263962650710956e-18,299.9999999999985,300.00000000000034,0.0,0.0,0.0,-1.4779288903810084e-12,3.410605131648481e-13
0.615,0.0,0.0,0.0,1.7777777777777786,0.0,6.0263962650710956e-18,299.9999999999985,300.00000000000034,0.0,0.0,0.0,-1.4779288903810084e-12,3.410605131648481e-13
0.62,0.0,0.0,0.0,1.7777777777777786,0.0,6.0263962650710956e-18,299.9999999999985,300.00000000000034,0.0,0.0,0.0,-1.4779288903810084e-12,3.410605131648481e-13
0.625,0.0,0.0,0.0,1.7777777777777786,0.0,6.0263962650710956e-18,299.9999999999985,300.00000000000034,0.0,0.0,0.0,-1.4779288903810084e-12,3.410605131648481e-13
0.63,0.0,0.0,0.0,1.7777777777777786,0.0,6.0263962650710956e-18,299.9999999999985,300.00000000000034,0.0,0.0,0.0,-1.4779288903810084e-12,3.410605131648481e-13
0.635,0.0,0.0,0.0,1.7777777777777786,0.0,6.0263962650710956e-18,299.9999999999985,300.00000000000034,0.0,0.0,0.0,-1.4779288903810084e-12,3.410605131648481e-13
0.64,0.0,0.0,0.0,1.7777777777777786,0.0,6.0263962650710956e-18,299.9999999999985,300.00000000000034,0.0,0.0,0.0,-1.4779288903810084e-12,3.410605131648481e-13
0.645,0.0,0.0,0.0,1.7777777777777786,0.0,6.0263962650710956e-18,299.9999999999985,300.00000000000034,0.0,0.0,0.0,-1.4779288903810084e-12,3.410605131648481e-13
0.65,0.0,0.0,0.0,1.7777777777777786,0.0,6.0263962650710956e-18,299.9999999999985,300.00000000000034,0.0,0.0,0.0,-1.4779288903810084e-12,3.410605131648481e-13
0.655,0.0,0.0,0.0,1.7777777777777786,0.0,6.0263962650710956e-18,299.9999999999985,300.00000000000034,0.0,0.0,0.0,-1.4779288903810084e-12,3.410605131648481e-13
0.66,0.0,0.0,0.0,1.7777777777777786,0.0,6.0263962650710956e-18,299.9999999999985,300.00000000000034,0.0,0.0,0.0,-1.4779288903810084e-12,3.410605131648481e-13
0.665,0.0,0.0,0.0,1.7777777777777786,0.0,6.0263962650710956e-18,299.9999999999985,300.00000000000034,0.0,0.0,0.0,-1.4779288903810084e-12,3.410605131648481e-13
0.67,0.0,0.0,0.0,1.7777777777777786,0.0,6.0263962650710956e-18,299.9999999999985,300.00000000000034,0.0,0.0,0.0,-1.4779288903810084e-12,3.410605131648481e-13
0.675,0.0,0.0,0.0,1.7777777777777786,0.0,6.0263962650710956e-18,299.9999999999985,300.00000000000034,0.0,0.0,0.0,-1.4779288903810084e-12,3.410605131648481e-13
0.68,0.0,0.0,0.0,1.7777777777777786,0.0,6.0263962650710956e-18,299.9999999999985,300.00000000000034,0.0,0.0,0.0,-1.4779288903810084e-12,3.410605131648481e-13
0.685,0.0,0.0,0.0,1.7777777777777786,0.0,6.0263962650710956e-18,299.9999999999985,300.00000000000034,0.0,0.0,0.0,-1.4779288903810084e-12,3.410605131648481e-13
0.6900000000000001,0.0,0.0,0.0,1.7777777777777786,0.0,6.0263962650710956e-18,299.9999999999985,300.00000000000034,0.0,0.0,0.0,-1.4779288903810084e-12,3.410605131648481e-13
0.6950000000000001,0.0,0.0,0.0,1.7777777777777786,0.0,6.0263962650710956e-18,299.9999999999985,300.00000000000034,0.0,0.0,0.0,-1.4779288903810084e-12,3.410605131648481e-13
0.7,0.0,0.0,0.0,1.7777777777777786,0.0,6.0263962650710956e-18,299.9999999999985,300.00000000000034,0.0,0.0,0.0,-1.4779288903810084e-12,3.410605131648481e-13
0.7050000000000001,0.0,0.0,0.0,1.7777777777777786,0.0,6.0263962650710956e-18,299.9999999999985,300.00000000000034,0.0,0.0,0.0,-1.4779288903810084e-12,3.410605131648481e-13
0.71,0.0,0.0,0.0,1.7777777777777786,0.0,6.0263962650710956e-18,299.9999999999985,300.00000000000034,0.0,0.0,0.0,-1.4779288903810084e-12,3.410605131648481e-13
0.7150000000000001,0.0,0.0,0.0,1.7777777777777786,0.0,6.0263962650710956e-18,299.9999999999985,300.00000000000034,0.0,0.0,0.0,-1.4779288903810084e-12,3.410605131648481e-13
0.72,0.0,0.0,0.0,1.7777777777777786,0.0,6.0263962650710956e-18,299.9999999999985,300.00000000000034,0.0,0.0,0.0,-1.4779288903810084e-12,3.410605131648481e-13
0.7250000000000001,0.0,0.0,0.0,1.7777777777777786,0.0,6.0263962650710956e-18,299.9999999999985,300.00000000000034,0.0,0.0,0.0,-1.4779288903810084e-12,3.410605131648481e-13
0.73,0.0,0.0,0.0,1.7777777777777786,0.0,6.0263962650710956e-18,299.9999999999985,300.00000000000034,0.0,0.0,0.0,-1.4779288903810084e-12,3.410605131648481e-13
0.7350000000000001,0.0,0.0,0.0,1.7777777777777786,0.0,6.0263962650710956e-18,299.9999999999985,300.00000000000034,0.0,0.0,0.0,-1.4779288903810084e-12,3.410605131648481e-13
0.74,0.0,0.0,0.0,1.7777777777777786,0.0,6.0263962650710956e-18,299.9999999999985,300.00000000000034,0.0,0.0,0.0,-1.4779288903810084e-12,3.410605131648481e-13
0.7450000000000001,0.0,0.0,0.0,1.7777777777777786,0.0,6.0263962650710956e-18,299.9999999999985,300.00000000000034,0.0,0.0,0.0,-1.4779288903810084e-12,3.410605131648481e-13
0.75,0.0,0.0,0.0,1.7777777777777786,0.0,6.0263962650710956e-18,299.9999999999985,300.00000000000034,0.0,0.0,0.0,-1.4779288903810084e-12,3.410605131648481e-13
0.7550000000000001,0.0,0.0,0.0,1.7777777777777786,0.0,6.0263962650710956e-18,299.9999999999985,300.00000000000034,0.0,0.0,0.0,-1.4779288903810084e-12,3.410605131648481e-13
0.76,0.0,0.0,0.0,1.7777777777777786,0.0,6.0263962650710956e-18,299.9999999999985,300.00000000000034,0.0,0.0,0.0,-1.4779288903810084e-12,3.410605131648481e-13
0.765,0.0,0.0,0.0,1.7777777777777786,0.0,6.0263962650710956e-18,299.9999999999985,300.00000000000034,0.0,0.0,0.0,-1.4779288903810084e-12,3.410605131648481e-13
0.77,0.0,0.0,0.0,1.7777777777777786,0.0,6.0263962650710956e-18,299.9999999999985,300.00000000000034,0.0,0.0,0.0,-1.4779288903810084e-12,3.410605131648481e-13
0.775,0.0,0.0,0.0,1.7777777777777786,0.0,6.0263962650710956e-18,299.9999999999985,300.00000000000034,0.0,0.0,0.0,-1.4779288903810084e-12,3.410605131648481e-13
0.78,0.0,0.0,0.0,1.7777777777777786,0.0,6.0263962650710956e-18,299.9999999999985,300.00000000000034,0.0,0.0,0.0,-1.4779288903810084e-12,3.410605131648481e-13
0.785,0.0,0.0,0.0,1.7777777777777786,0.0,6.0263962650710956e-18,299.9999999999985,300.00000000000034,0.0,0.0,0.0,-1.4779288903810084e-12,3.410605131648481e-13
0.79,0.0,0.0,0.0,1.7777777777777786,0.0,6.0263962650710956e-18,299.9999999999985,300.00000000000034,0.0,0.0,0.0,-1.4779288903810084e-12,3.410605131648481e-13
0.795,0.0,0.0,0.0,1.7777777777777786,0.0,6.0263962650710956e-18,299.9999999999985,300.00000000000034,0.0,0.0,0.0,-1.4779288903810084e-12,3.410605131648481e-13
0.8,0.0,0.0,0.0,1.7777777777777786,0.0,6.0263962650710956e-18,299.9999999999985,300.00000000000034,0.0,0.0,0.0,-1.4779288903810084e-12,3.410605131648481e-13
0.8049999999999999,0.0,0.0,0.0,1.7777777777777786,0.0,6.0263962650710956e-18,299.9999999999985,300.00000000000034,0.0,0.0,0.0,-1.4779288903810084e-12,3.410605131648481e-13
0.8099999999999999,0.0,0.0,0.0,1.7777777777777786,0.0,6.0263962650710956e-18,299.9999999999985,300.00000000000034,0.0,0.0,0.0,-1.4779288903810084e-12,3.410605131648481e-13
0.815,0.0,0.0,0.0,1.7777777777777786,0.0,6.0263962650710956e-18,299.9999999999985,300.00000000000034,0.0,0.0,0.0,-1.4779288903810084e-12,3.410605131648481e-13
0.82,0.0,0.0,0.0,1.7777777777777786,0.0,6.0263962650710956e-18,299.9999999999985,300.00000000000034,0.0,0.0,0.0,-1.4779288903810084e-12,3.410605131648481e-13
0.825,0.0,0.0,0.0,1.7777777777777786,0.0,6.0263962650710956e-18,299.9999999999985,300.00000000000034,0.0,0.0,0.0,-1.4779288903810084e-12,3.410605131648481e-13
0.83,0.0,0.0,0.0,1.7777777777777786,0.0,6.0263962650710956e-18,299.9999999999985,300.00000000000034,0.0,0.0,0.0,-1.4779288903810084e-12,3.410605131648481e-13
0.835,0.0,0.0,0.0,1.7777777777777786,0.0,6.0263962650710956e-18,299.9999999999985,300.00000000000034,0.0,0.0,0.0,-1.4779288903810084e-12,3.410605131648481e-13
0.84,0.0,0.0,0.0,1.7777777777777786,0.0,6.0263962650710956e-18,299.9999999999985,300.00000000000034,0.0,0.0,0.0,-1.4779288903810084e-12,3.410605131648481e-13
0.845,0.0,0.0,0.0,1.7777777777777786,0.0,6.0263962650710956e-18,299.9999999999985,300.00000000000034,0.0,0.0,0.0,-1.4779288903810084e-12,3.410605131648481e-13
0.85,0.0,0.0,0.0,1.7777777777777786,0.0,6.0263962650710956e-18,299.9999999999985,300.00000000000034,0.0,0.0,0.0,-1.4779288903810084e-12,3.410605131648481e-13
0.855,0.0,0.0,0.0,1.7777777777777786,0.0,6.0263962650710956e-18,299.9999999999985,300.00000000000034,0.0,0.0,0.0,-1.4779288903810084e-12,3.410605131648481e-13
0.86,0.0,0.0,0.0,1.7777777777777786,0.0,6.0263962650710956e-18,299.9999999999985,300.00000000000034,0.0,0.0,0.0,-1.4779288903810084e-12,3.410605131648481e-13
0.865,0.0,0.0,0.0,1.7777777777777786,0.0,6.0263962650710956e-18,299.9999999999985,300.00000000000034,0.0,0.0,0.0,-1.4779288903810084e-12,3.410605131648481e-13
0.87,0.0,0.0,0.0,1.7777777777777786,0.0,6.0263962650710956e-18,299.9999999999985,300.00000000000034,0.0,0.0,0.0,-1.4779288903810084e-12,3.410605131648481e-13
0.875,0.0,0.0,0.0,1.7777777777777786,0.0,6.0263962650710956e-18,299.9999999999985,300.00000000000034,0.0,0.0,0.0,-1.4779288903810084e-12,3.410605131648481e-13
0.88,0.0,0.0,0.0,1.7777777777777786,0.0,6.0263962650710956e-18,299.9999999999985,300.00000000000034,0.0,0.0,0.0,-1.4779288903810084e-12,3.410605131648481e-13
0.885,0.0,0.0,0.0,1.7777777777777786,0.0,6.0263962650710956e-18,299.9999999999985,300.00000000000034,0.0,0.0,0.0,-1.4779288903810084e-12,3.410605131648481e-13
0.8899999999999999,0.0,0.0,0.0,1.7777777777777786,0.0,6.0263962650710956e-18,299.9999999999985,300.00000000000034,0.0,0.0,0.0,-1.4779288903810084e-12,3.410605131648481e-13
0.895,0.0,0.0,0.0,1.7777777777777786,0.0,6.0263962650710956e-18,299.9999999999985,300.00000000000034,0.0,0.0,0.0,-1.4779288903810084e-12,3.410605131648481e-13
0.8999999999999999,0.0,0.0,0.0,1.7777777777777786,0.0,6.0263962650710956e-18,299.9999999999985,300.00000000000034,0.0,0.0,0.0,-1.4779288903810084e-12,3.410605131648481e-13
0.905,0.0,0.0,0.0,1.7777777777777786,0.0,6.0263962650710956e-18,299.9999999999985,300.00000000000034,0.0,0.0,0.0,-1.4779288903810084e-12,3.410605131648481e-13
0.9099999999999999,0.0,0.0,0.0,1.7777777777777786,0.0,6.0263962650710956e-18,299.9999999999985,300.00000000000034,0.0,0.0,0.0,-1.4779288903810084e-12,3.410605131648481e-13
0.9149999999999999,0.0,0.0,0.0,1.7777777777777786,0.0,6.0263962650710956e-18,299.9999999999985,300.00000000000034,0.0,0.0,0.0,-1.4779288903810084e-12,3.410605131648481e-13
0.9199999999999999,0.0,0.0,0.0,1.7777777777777786,0.0,6.0263962650710956e-18,299.9999999999985,300.00000000000034,0.0,0.0,0.0,-1.4779288903810084e-12,3.410605131648481e-13
0.9249999999999999,0.0,0.0,0.0,1.7777777777777786,0.0,6.0263962650710956e-18,299.9999999999985,300.00000000000034,0.0,0.0,0.0,-1.4779288903810084e-12,3.410605131648481e-13
0.9299999999999999,0.0,0.0,0.0,1.7777777777777786,0.0,6.0263962650710956e-18,299.9999999999985,300.00000000000034,0.0,0.0,0.0,-1.4779288903810084e-12,3.410605131648481e-13
0.9349999999999999,0.0,0.0,0.0,1.7777777777777786,0.0,6.0263962650710956e-18,299.9999999999985,300.00000000000034,0.0,0.0,0.0,-1.4779288903810084e-12,3.410605131648481e-13
0.94,0.0,0.0,0.0,1.7777777777777786,0.0,6.0263962650710956e-18,299.9999999999985,300.00000000000034,0.0,0.0,0.0,-1.4779288903810084e-12,3.410605131648481e-13
0.945,0.0,0.0,0.0,1.7777777777777786,0.0,6.0263962650710956e-18,299.9999999999985,300.00000000000034,0.0,0.0,0.0,-1.4779288903810084e-12,3.410605131648481e-13
0.95,0.0,0.0,0.0,1.7777777777777786,0.0,6.0263962650710956e-18,299.9999999999985,300.00000000000034,0.0,0.0,0.0,-1.4779288903810084e-12,3.410605131648481e-13
0.955,0.0,0.0,0.0,1.7777777777777786,0.0,6.0263962650710956e-18,299.9999999999985,300.00000000000034,0.0,0.0,0.0,-1.4779288903810084e-12,3.410605131648481e-13
0.96,0.0,0.0,0.0,1.7777777777777786,0.0,6.0263962650710956e-18,299.9999999999985,300.00000000000034,0.0,0.0,0.0,-1.4779288903810084e-12,3.410605131648481e-13
0.965,0.0,0.0,0.0,1.7777777777777786,0.0,6.0263962650710956e-18,299.9999999999985,300.00000000000034,0.0,0.0,0.0,-1.4779288903810084e-12,3.410605131648481e-13
0.97,0.0,0.0,0.0,1.7777777777777786,0.0,6.0263962650710956e-18,299.9999999999985,300.00000000000034,0.0,0.0,0.0,-1.4779288903810084e-12,3.410605131648481e-13
0.975,0.0,0.0,0.0,1.7777777777777786,0.0,6.0263962650710956e-18,299.9999999999985,300.00000000000034,0.0,0.0,0.0,-1.4779288903810084e-12,3.410605131648481e-13
0.98,0.0,0.0,0.0,1.7777777777777786,0.0,6.0263962650710956e-18,299.9999999999985,300.00000000000034,0.0,0.0,0.0,-1.4779288903810084e-12,3.410605131648481e-13
0.985,0.0,0.0,0.0,1.7777777777777786,0.0,6.0263962650710956e-18,299.9999999999985,300.00000000000034,0.0,0.0,0.0,-1.4779288903810084e-12,3.410605131648481e-13
0.99,0.0,0.0,0.0,1.7777777777777786,0.0,6.0263962650710956e-18,299.9999999999985,300.00000000000034,0.0,0.0,0.0,-1.4779288903810084e-12,3.410605131648481e-13
0.995,0.0,0.0,0.0,1.7777777777777786,0.0,6.0263962650710956e-18,299.9999999999985,300.00000000000034,0.0,0.0,0.0,-1.4779288903810084e-12,3.410605131648481e-13
1.0,0.0,0.0,0.0,1.7777777777777786,0.0,6.0263962650710956e-18,299.9999999999985,300.00000000000034,0.0,0.0,0.0,-1.4779288903810084e-12,3.410605131648481e-13
1.005,0.0,0.0,0.0,1.7777777777777786,0.0,6.0263962650710956e-18,299.9999999999985,300.00000000000034,0.0,0.0,0.0,-1.4779288903810084e-12,3.410605131648481e-13
1.01,0.0,0.0,0.0,1.7777777777777786,0.0,6.0263962650710956e-18,299.9999999999985,300.00000000000034,0.0,0.0,0.0,-1.4779288903810084e-12,3.410605131648481e-13
1.0150000000000001,0.0,0.0,0.0,1.7777777777777786,0.0,6.0263962650710956e-18,299.9999999999985,300.00000000000034,0.0,0.0,0.0,-1.4779288903810084e-12,3.410605131648481e-13
1.02,0.0,0.0,0.0,1.7777777777777786,0.0,6.0263962650710956e-18,299.9999999999985,300.00000000000034,0.0,0.0,0.0,-1.4779288903810084e-12,3.410605131648481e-13
1.025,0.0,0.0,0.0,1.7777777777777786,0.0,6.0263962650710956e-18,299.9999999999985,300.00000000000034,0.0,0.0,0.0,-1.4779288903810084e-12,3.410605131648481e-13
1.03,0.0,0.0,0.0,1.7777777777777786,0.0,6.0263962650710956e-18,299.9999999999985,300.00000000000034,0.0,0.0,0.0,-1.4779288903810084e-12,3.410605131648481e-13
1.035,0.0,0.0,0.0,1.7777777777777786,0.0,6.0263962650710956e-18,299.9999999999985,300.00000000000034,0.0,0.0,0.0,-1.4779288903810084e-12,3.410605131648481e-13
1.04,0.0,0.0,0.0,1.7777777777777786,0.0,6.0263962650710956e-18,299.9999999999985,300.00000000000034,0.0,0.0,0.0,-1.4779288903810084e-12,3.410605131648481e-13
1.045,0.0,0.0,0.0,1.7777777777777786,0.0,6.0263962650710956e-18,299.9999999999985,300.00000000000034,0.0,0.0,0.0,-1.4779288903810084e-12,3.410605131648481e-13
1.05,0.0,0.0,0.0,1.7777777777777786,0.0,6.0263962650710956e-18,299.9999999999985,300.00000000000034,0.0,0.0,0.0,-1.4779288903810084e-12,3.410605131648481e-13
1.055,0.0,0.0,0.0,1.7777777777777786,0.0,6.0263962650710956e-18,299.9999999999985,300.00000000000034,0.0,0.0,0.0,-1.4779288903810084e-12,3.410605131648481e-13
1.06,0.0,0.0,0.0,1.7777777777777786,0.0,6.0263962650710956e-18,299.9999999999985,300.00000000000034,0.0,0.0,0.0,-1.4779288903810084e-12,3.410605131648481e-13
1.065,0.0,0.0,0.0,1.7777777777777786,0.0,6.0263962650710956e-18,299.9999999999985,300.00000000000034,0.0,0.0,0.0,-1.4779288903810084e-12,3.410605131648481e-13
1.07,0.0,0.0,0.0,1.7777777777777786,0.0,6.0263962650710956e-18,299.9999999999985,300.00000000000034,0.0,0.0,0.0,-1.4779288903810084e-12,3.410605131648481e-13
1.075,0.0,0.0,0.0,1.7777777777777786,0.0,6.0263962650710956e-18,299.9999999999985,300.00000000000034,0.0,0.0,0.0,-1.4779288903810084e-12,3.410605131648481e-13
1.08,0.0,0.0,0.0,1.7777777777777786,0.0,6.0263962650710956e-18,299.9999999999985,300.00000000000034,0.0,0.0,0.0,-1.4779288903810084e-12,3.410605131648481e-13
1.085,0.0,0.0,0.0,1.7777777777777786,0.0,6.0263962650710956e-18,299.9999999999985,300.00000000000034,0.0,0.0,0.0,-1.4779288903810084e-12,3.410605131648481e-13
1.09,0.0,0.0,0.0,1.7777777777777786,0.0,6.0263962650710956e-18,299.9999999999985,300.00000000000034,0.0,0.0,0.0,-1.4779288903810084e-12,3.410605131648481e-13
1.095,0.0,0.0,0.0,1.7777777777777786,0.0,6.0263962650710956e-18,299.9999999999985,300.00000000000034,0.0,0.0,0.0,-1.4779288903810084e-12,3.410605131648481e-13
1.1,0.0,0.0,0.0,1.7777777777777786,0.0,6.0263962650710956e-18,299.9999999999985,300.00000000000034,0.0,0.0,0.0,-1.4779288903810084e-12,3.410605131648481e-13
1.105,0.0,0.0,0.0,1.7777777777777786,0.0,6.0263962650710956e-18,299.9999999999985,300.00000000000034,0.0,0.0,0.0,-1.4779288903810084e-12,3.410605131648481e-13
1.11,0.0,0.0,0.0,1.7777777777777786,0.0,6.0263962650710956e-18,299.9999999999985,300.00000000000034,0.0,0.0,0.0,-1.4779288903810084e-12,3.410605131648481e-13
1.115,0.0,0.0,0.0,1.7777777777777786,0.0,6.0263962650710956e-18,299.9999999999985,300.00000000000034,0.0,0.0,0.0,-1.4779288903810084e-12,3.410605131648481e-13
1.12,0.0,0.0,0.0,1.7777777777777786,0.0,6.0263962650710956e-18,299.9999999999985,300.00000000000034,0.0,0.0,0.0,-1.4779288903810084e-12,3.410605131648481e-13
1.125,0.0,0.0,0.0,1.7777777777777786,0.0,6.0263962650710956e-18,299.9999999999985,300.00000000000034,0.0,0.0,0.0,-1.4779288903810084e-12,3.410605131648481e-13
1.1300000000000001,0.0,0.0,0.0,1.7777777777777786,0.0,6.0263962650710956e-18,299.9999999999985,300.00000000000034,0.0,0.0,0.0,-1.4779288903810084e-12,3.410605131648481e-13
1.135,0.0,0.0,0.0,1.7777777777777786,0.0,6.0263962650710956e-18,299.9999999999985,300.00000000000034,0.0,0.0,0.0,-1.4779288903810084e-12,3.410605131648481e-13
1.1400000000000001,0.0,0.0,0.0,1.7777777777777786,0.0,6.0263962650710956e-18,299.9999999999985,300.00000000000034,0.0,0.0,0.0,-1.4779288903810084e-12,3.410605131648481e-13
1.145,0.0,0.0,0.0,1.7777777777777786,0.0,6.0263962650710956e-18,299.9999999999985,300.00000000000034,0.0,0.0,0.0,-1.4779288903810084e-12,3.410605131648481e-13
1.1500000000000001,0.0,0.0,0.0,1.7777777777777786,0.0,6.0263962650710956e-18,299.9999999999985,300.00000000000034,0.0,0.0,0.0,-1.4779288903810084e-12,3.410605131648481e-13
1.155,0.0,0.0,0.0,1.7777777777777786,0.0,6.0263962650710956e-18,299.9999999999985,300.00000000000034,0.0,0.0,0.0,-1.4779288903810084e-12,3.410605131648481e-13
1.1600000000000001,0.0,0.0,0.0,1.7777777777777786,0.0,6.0263962650710956e-18,299.9999999999985,300.00000000000034,0.0,0.0,0.0,-1.4779288903810084e-12,3.410605131648481e-13
1.165,0.0,0.0,0.0,1.7777777777777786,0.0,6.0263962650710956e-18,299.9999999999985,300.00000000000034,0.0,0.0,0.0,-1.4779288903810084e-12,3.410605131648481e-13
1.17,0.0,0.0,0.0,1.7777777777777786,0.0,6.0263962650710956e-18,299.9999999999985,300.00000000000034,0.0,0.0,0.0,-1.4779288903810084e-12,3.410605131648481e-13
1.175,0.0,0.0,0.0,1.7777777777777786,0.0,6.0263962650710956e-18,299.9999999999985,300.00000000000034,0.0,0.0,0.0,-1.4779288903810084e-12,3.410605131648481e-13
1.1800000000000002,0.0,0.0,0.0,1.7777777777777786,0.0,6.0263962650710956e-18,299.9999999999985,300.00000000000034,0.0,0.0,0.0,-1.4779288903810084e-12,3.410605131648481e-13
1.185,0.0,0.0,0.0,1.7777777777777786,0.0,6.0263962650710956e-18,299.9999999999985,300.00000000000034,0.0,0.0,0.0,-1.4779288903810084e-12,3.410605131648481e-13
1.19,0.0,0.0,0.0,1.7777777777777786,0.0,6.0263962650710956e-18,299.9999999999985,300.00000000000034,0.0,0.0,0.0,-1.4779288903810084e-12,3.410605131648481e-13
1.195,0.0,0.0,0.0,1.7777777777777786,0.0,6.0263962650710956e-18,299.9999999999985,300.00000000000034,0.0,0.0,0.0,-1.4779288903810084e-12,3.410605131648481e-13
1.2000000000000002,0.0,0.0,0.0,1.7777777777777786,0.0,6.0263962650710956e-18,299.9999999999985,300.00000000000034,0.0,0.0,0.0,-1.4779288903810084e-12,3.410605131648481e-13
1.205,0.0,0.0,0.0,1.7777777777777786,0.0,6.0263962650710956e-18,299.9999999999985,300.00000000000034,0.0,0.0,0.0,-1.4779288903810084e-12,3.410605131648481e-13
1.21,0.0,0.0,0.0,1.7777777777777786,0.0,6.0263962650710956e-18,299.9999999999985,300.00000000000034,0.0,0.0,0.0,-1.4779288903810084e-12,3.410605131648481e-13
1.215,0.0,0.0,0.0,1.7777777777777786,0.0,6.0263962650710956e-18,299.9999999999985,300.00000000000034,0.0,0.0,0.0,-1.4779288903810084e-12,3.410605131648481e-13
1.22,0.0,0.0,0.0,1.7777777777777786,0.0,6.0263962650710956e-18,299.9999999999985,300.00000000000034,0.0,0.0,0.0,-1.4779288903810084e-12,3.410605131648481e-13
1.225,0.0,0.0,0.0,1.7777777777777786,0.0,6.0263962650710956e-18,299.9999999999985,300.00000000000034,0.0,0.0,0.0,-1.4779288903810084e-12,3.410605131648481e-13
1.23,0.0,0.0,0.0,1.7777777777777786,0.0,6.0263962650710956e-18,299.9999999999985,300.00000000000034,0.0,0.0,0.0,-1.4779288903810084e-12,3.410605131648481e-13
1.235,0.0,0.0,0.0,1.7777777777777786,0.0,6.0263962650710956e-18,299.9999999999985,300.00000000000034,0.0,0.0,0.0,-1.4779288903810084e-12,3.410605131648481e-13
1.24,0.0,0.0,0.0,1.7777777777777786,0.0,6.0263962650710956e-18,299.9999999999985,300.00000000000034,0.0,0.0,0.0,-1.4779288903810084e-12,3.410605131648481e-13
1.245,0.0,0.0,0.0,1.7777777777777786,0.0,6.0263962650710956e-18,299.9999999999985,300.00000000000034,0.0,0.0,0.0,-1.4779288903810084e-12,3.410605131648481e-13
1.25,0.0,0.0,0.0,1.7777777777777786,0.0,6.0263962650710956e-18,299.9999999999985,300.00000000000034,0.0,0.0,0.0,-1.4779288903810084e-12,3.410605131648481e-13
1.2550000000000001,0.0,0.0,0.0,1.7777777777777786,0.0,6.0263962650710956e-18,299.9999999999985,300.00000000000034,0.0,0.0,0.0,-1.4779288903810084e-12,3.410605131648481e-13
1.26,0.0,0.0,0.0,1.7777777777777786,0.0,6.0263962650710956e-18,299.9999999999985,300.00000000000034,0.0,0.0,0.0,-1.4779288903810084e-12,3.410605131648481e-13
1.2650000000000001,0.0,0.0,0.0,1.7777777777777786,0.0,6.0263962650710956e-18,299.9999999999985,300.00000000000034,0.0,0.0,0.0,-1.4779288903810084e-12,3.410605131648481e-13
1.27,0.0,0.0,0.0,1.7777777777777786,0.0,6.0263962650710956e-18,299.9999999999985,300.00000000000034,0.0,0.0,0.0,-1.4779288903810084e-12,3.410605131648481e-13
1.2750000000000001,0.0,0.0,0.0,1.7777777777777786,0.0,6.0263962650710956e-18,299.9999999999985,300.00000000000034,0.0,0.0,0.0,-1.4779288903810084e-12,3.410605131648481e-13
1.28,0.0,0.0,0.0,1.7777777777777786,0.0,6.0263962650710956e-18,299.9999999999985,300.00000000000034,0.0,0.0,0.0,-1.4779288903810084e-12,3.410605131648481e-13
1.2850000000000001,0.0,0.0,0.0,1.7777777777777786,0.0,6.0263962650710956e-18,299.9999999999985,300.00000000000034,0.0,0.0,0.0,-1.4779288903810084e-12,3.410605131648481e-13
1.29,0.0,0.0,0.0,1.7777777777777786,0.0,6.0263962650710956e-18,299.9999999999985,300.00000000000034,0.0,0.0,0.0,-1.4779288903810084e-12,3.410605131648481e-13
1.2950000000000002,0.0,0.0,0.0,1.7777777777777786,0.0,6.0263962650710956e-18,299.9999999999985,300.00000000000034,0.0,0.0,0.0,-1.4779288903810084e-12,3.410605131648481e-13
1.3,0.0,0.0,0.0,1.7777777777777786,0.0,6.0263962650710956e-18,299.9999999999985,300.00000000000034,0.0,0.0,0.0,-1.4779288903810084e-12,3.410605131648481e-13
1.3050000000000002,0.0,0.0,0.0,1.7777777777777786,0.0,6.0263962650710956e-18,299.9999999999985,300.00000000000034,0.0,0.0,0.0,-1.4779288903810084e-12,3.410605131648481e-13
1.31,0.0,0.0,0.0,1.7777777777777786,0.0,6.0263962650710956e-18,299.9999999999985,300.00000000000034,0.0,0.0,0.0,-1.4779288903810084e-12,3.410605131648481e-13
1.315,0.0,0.0,0.0,1.7777777777777786,0.0,6.0263962650710956e-18,299.9999999999985,300.00000000000034,0.0,0.0,0.0,-1.4779288903810084e-12,3.410605131648481e-13
1.32,0.0,0.0,0.0,1.7777777777777786,0.0,6.0263962650710956e-18,299.9999999999985,300.00000000000034,0.0,0.0,0.0,-1.4779288903810084e-12,3.410605131648481e-13
1.325,0.0,0.0,0.0,1.7777777777777786,0.0,6.0263962650710956e-18,299.9999999999985,300.00000000000034,0.0,0.0,0.0,-1.4779288903810084e-12,3.410605131648481e-13
1.33,0.0,0.0,0.0,1.7777777777777786,0.0,6.0263962650710956e-18,299.9999999999985,300.00000000000034,0.0,0.0,0.0,-1.4779288903810084e-12,3.410605131648481e-13
1.335,0.0,0.0,0.0,1.7777777777777786,0.0,6.0263962650710956e-18,299.9999999999985,300.00000000000034,0.0,0.0,0.0,-1.4779288903810084e-12,3.410605131648481e-13
1.3399999999999999,0.0,0.0,0.0,1.7777777777777786,0.0,6.0263962650710956e-18,299.9999999999985,300.00000000000034,0.0,0.0,0.0,-1.4779288903810084e-12,3.410605131648481e-13
1.345,0.0,0.0,0.0,1.7777777777777786,0.0,6.0263962650710956e-18,299.9999999999985,300.00000000000034,0.0,0.0,0.0,-1.4779288903810084e-12,3.410605131648481e-13
1.3499999999999999,0.0,0.0,0.0,1.7777777777777786,0.0,6.0263962650710956e-18,299.9999999999985,300.00000000000034,0.0,0.0,0.0,-1.4779288903810084e-12,3.410605131648481e-13
1.355,0.0,0.0,0.0,1.7777777777777786,0.0,6.0263962650710956e-18,299.9999999999985,300.00000000000034,0.0,0.0,0.0,-1.4779288903810084e-12,3.410605131648481e-13
1.3599999999999999,0.0,0.0,0.0,1.7777777777777786,0.0,6.0263962650710956e-18,299.9999999999985,300.00000000000034,0.0,0.0,0.0,-1.4779288903810084e-12,3.410605131648481e-13
1.3649999999999998,0.0,0.0,0.0,1.7777777777777786,0.0,6.0263962650710956e-18,299.9999999999985,300.00000000000034,0.0,0.0,0.0,-1.4779288903810084e-12,3.410605131648481e-13
1.3699999999999999,0.0,0.0,0.0,1.7777777777777786,0.0,6.0263962650710956e-18,299.9999999999985,300.00000000000034,0.0,0.0,0.0,-1.4779288903810084e-12,3.410605131648481e-13
1.375,0.0,0.0,0.0,1.7777777777777786,0.0,6.0263962650710956e-18,299.9999999999985,300.00000000000034,0.0,0.0,0.0,-1.4779288903810084e-12,3.410605131648481e-13
1.38,0.0,0.0,0.0,1.7777777777777786,0.0,6.0263962650710956e-18,299.9999999999985,300.00000000000034,0.0,0.0,0.0,-1.4779288903810084e-12,3.410605131648481e-13
1.3849999999999998,0.0,0.0,0.0,1.7777777777777786,0.0,6.0263962650710956e-18,299.9999999999985,300.00000000000034,0.0,0.0,0.0,-1.4779288903810084e-12,3.410605131648481e-13
1.39,0.0,0.0,0.0,1.7777777777777786,0.0,6.0263962650710956e-18,299.9999999999985,300.00000000000034,0.0,0.0,0.0,-1.4779288903810084e-12,3.410605131648481e-13
1.395,0.0,0.0,0.0,1.7777777777777786,0.0,6.0263962650710956e-18,299.9999999999985,300.00000000000034,0.0,0.0,0.0,-1.4779288903810084e-12,3.410605131648481e-13
1.4,0.0,0.0,0.0,1.7777777777777786,0.0,6.0263962650710956e-18,299.9999999999985,300.00000000000034,0.0,0.0,0.0,-1.4779288903810084e-12,3.410605131648481e-13
1.4049999999999998,0.0,0.0,0.0,1.7777777777777786,0.0,6.0263962650710956e-18,299.9999999999985,300.00000000000034,0.0,0.0,0.0,-1.4779288903810084e-12,3.410605131648481e-13
1.41,0.0,0.0,0.0,1.7777777777777786,0.0,6.0263962650710956e-18,299.9999999999985,300.00000000000034,0.0,0.0,0.0,-1.4779288903810084e-12,3.410605131648481e-13
1.415,0.0,0.0,0.0,1.7777777777777786,0.0,6.0263962650710956e-18,299.9999999999985,300.00000000000034,0.0,0.0,0.0,-1.4779288903810084e-12,3.410605131648481e-13
1.42,0.0,0.0,0.0,1.7777777777777786,0.0,6.0263962650710956e-18,299.9999999999985,300.00000000000034,0.0,0.0,0.0,-1.4779288903810084e-12,3.410605131648481e-13
1.4249999999999998,0.0,0.0,0.0,1.7777777777777786,0.0,6.0263962650710956e-18,299.9999999999985,300.00000000000034,0.0,0.0,0.0,-1.4779288903810084e-12,3.410605131648481e-13
1.43,0.0,0.0,0.0,1.7777777777777786,0.0,6.0263962650710956e-18,299.9999999999985,300.00000000000034,0.0,0.0,0.0,-1.4779288903810084e-12,3.410605131648481e-13
1.435,0.0,0.0,0.0,1.7777777777777786,0.0,6.0263962650710956e-18,299.9999999999985,300.00000000000034,0.0,0.0,0.0,-1.4779288903810084e-12,3.410605131648481e-13
1.44,0.0,0.0,0.0,1.7777777777777786,0.0,6.0263962650710956e-18,299.9999999999985,300.00000000000034,0.0,0.0,0.0,-1.4779288903810084e-12,3.410605131648481e-13
1.4449999999999998,0.0,0.0,0.0,1.7777777777777786,0.0,6.0263962650710956e-18,299.9999999999985,300.00000000000034,0.0,0.0,0.0,-1.4779288903810084e-12,3.410605131648481e-13
1.45,0.0,0.0,0.0,1.7777777777777786,0.0,6.0263962650710956e-18,299.9999999999985,300.00000000000034,0.0,0.0,0.0,-1.4779288903810084e-12,3.410605131648481e-13
1.455,0.0,0.0,0.0,1.7777777777777786,0.0,6.0263962650710956e-18,299.9999999999985,300.00000000000034,0.0,0.0,0.0,-1.4779288903810084e-12,3.410605131648481e-13
1.46,0.0,0.0,0.0,1.7777777777777786,0.0,6.0263962650710956e-18,299.9999999999985,300.00000000000034,0.0,0.0,0.0,-1.4779288903810084e-12,3.410605131648481e-13
1.4649999999999999,0.0,0.0,0.0,1.7777777777777786,0.0,6.0263962650710956e-18,299.9999999999985,300.00000000000034,0.0,0.0,0.0,-1.4779288903810084e-12,3.410605131648481e-13
1.47,0.0,0.0,0.0,1.7777777777777786,0.0,6.0263962650710956e-18,299.9999999999985,300.00000000000034,0.0,0.0,0.0,-1.4779288903810084e-12,3.410605131648481e-13
1.475,0.0,0.0,0.0,1.7777777777777786,0.0,6.0263962650710956e-18,299.9999999999985,300.00000000000034,0.0,0.0,0.0,-1.4779288903810084e-12,3.410605131648481e-13
1.48,0.0,0.0,0.0,1.7777777777777786,0.0,6.0263962650710956e-18,299.9999999999985,300.00000000000034,0.0,0.0,0.0,-1.4779288903810084e-12,3.410605131648481e-13
1.4849999999999999,0.0,0.0,0.0,1.7777777777777786,0.0,6.0263962650710956e-18,299.9999999999985,300.00000000000034,0.0,0.0,0.0,-1.4779288903810084e-12,3.410605131648481e-13
1.49,0.0,0.0,0.0,1.7777777777777786,0.0,6.0263962650710956e-18,299.9999999999985,300.00000000000034,0.0,0.0,0.0,-1.4779288903810084e-12,3.410605131648481e-13
1.4949999999999999,0.0,0.0,0.0,1.7777777777777786,0.0,6.0263962650710956e-18,299.9999999999985,300.00000000000034,0.0,0.0,0.0,-1.4779288903810084e-12,3.410605131648481e-13
1.5,0.0,0.0,0.0,1.7777777777777786,0.0,6.0263962650710956e-18,299.9999999999985,300.00000000000034,0.0,0.0,0.0,-1.4779288903810084e-12,3.410605131648481e-13
1.505,0.0,0.0,0.0,1.7777777777777786,0.0,6.0263962650710956e-18,299.9999999999985,300.00000000000034,0.0,0.0,0.0,-1.4779288903810084e-12,3.410605131648481e-13
1.51,0.0,0.0,0.0,1.7777777777777786,0.0,6.0263962650710956e-18,299.9999999999985,300.00000000000034,0.0,0.0,0.0,-1.4779288903810084e-12,3.410605131648481e-13
1.515,0.0,0.0,0.0,1.7777777777777786,0.0,6.0263962650710956e-18,299.9999999999985,300.00000000000034,0.0,0.0,0.0,-1.4779288903810084e-12,3.410605131648481e-13
1.52,0.0,0.0,0.0,1.7777777777777786,0.0,6.0263962650710956e-18,299.9999999999985,300.00000000000034,0.0,0.0,0.0,-1.4779288903810084e-12,3.410605131648481e-13
1.525,0.0,0.0,0.0,1.7777777777777786,0.0,6.0263962650710956e-18,299.9999999999985,300.00000000000034,0.0,0.0,0.0,-1.4779288903810084e-12,3.410605131648481e-13
1.53,0.0,0.0,0.0,1.7777777777777786,0.0,6.0263962650710956e-18,299.9999999999985,300.00000000000034,0.0,0.0,0.0,-1.4779288903810084e-12,3.410605131648481e-13
1.535,0.0,0.0,0.0,1.7777777777777786,0.0,6.0263962650710956e-18,299.9999999999985,300.00000000000034,0.0,0.0,0.0,-1.4779288903810084e-12,3.410605131648481e-13
1.54,0.0,0.0,0.0,1.7777777777777786,0.0,6.0263962650710956e-18,299.9999999999985,300.00000000000034,0.0,0.0,0.0,-1.4779288903810084e-12,3.410605131648481e-13
1.545,0.0,0.0,0.0,1.7777777777777786,0.0,6.0263962650710956e-18,299.9999999999985,300.00000000000034,0.0,0.0,0.0,-1.4779288903810084e-12,3.410605131648481e-13
1.55,0.0,0.0,0.0,1.7777777777777786,0.0,6.0263962650710956e-18,299.9999999999985,300.00000000000034,0.0,0.0,0.0,-1.4779288903810084e-12,3.410605131648481e-13
1.555,0.0,0.0,0.0,1.7777777777777786,0.0,6.0263962650710956e-18,299.9999999999985,300.00000000000034,0.0,0.0,0.0,-1.4779288903810084e-12,3.410605131648481e-13
1.56,0.0,0.0,0.0,1.7777777777777786,0.0,6.0263962650710956e-18,299.9999999999985,300.00000000000034,0.0,0.0,0.0,-1.4779288903810084e-12,3.410605131648481e-13
1.565,0.0,0.0,0.0,1.7777777777777786,0.0,6.0263962650710956e-18,299.9999999999985,300.00000000000034,0.0,0.0,0.0,-1.4779288903810084e-12,3.410605131648481e-13
1.57,0.0,0.0,0.0,1.7777777777777786,0.0,6.0263962650710956e-18,299.9999999999985,300.00000000000034,0.0,0.0,0.0,-1.4779288903810084e-12,3.410605131648481e-13
1.575,0.0,0.0,0.0,1.7777777777777786,0.0,6.0263962650710956e-18,299.9999999999985,300.00000000000034,0.0,0.0,0.0,-1.4779288903810084e-12,3.410605131648481e-13
1.58,0.0,0.0,0.0,1.7777777777777786,0.0,6.0263962650710956e-18,299.9999999999985,300.00000000000034,0.0,0.0,0.0,-1.4779288903810084e-12,3.410605131648481e-13
1.585,0.0,0.0,0.0,1.7777777777777786,0.0,6.0263962650710956e-18,299.9999999999985,300.00000000000034,0.0,0.0,0.0,-1.4779288903810084e-12,3.410605131648481e-13
1.59,0.0,0.0,0.0,1.7777777777777786,0.0,6.0263962650710956e-18,299.9999999999985,300.00000000000034,0.0,0.0,0.0,-1.4779288903810084e-12,3.410605131648481e-13
1.595,0.0,0.0,0.0,1.7777777777777786,0.0,6.0263962650710956e-18,299.9999999999985,300.00000000000034,0.0,0.0,0.0,-1.4779288903810084e-12,3.410605131648481e-13
1.6,0.0,0.0,0.0,1.7777777777777786,0.0,6.0263962650710956e-18,299.9999999999985,300.00000000000034,0.0,0.0,0.0,-1.4779288903810084e-12,3.410605131648481e-13
1.605,0.0,0.0,0.0,1.7777777777777786,0.0,6.0263962650710956e-18,299.9999999999985,300.00000000000034,0.0,0.0,0.0,-1.4779288903810084e-12,3.410605131648481e-13
1.61,0.0,0.0,0.0,1.7777777777777786,0.0,6.0263962650710956e-18,299.9999999999985,300.00000000000034,0.0,0.0,0.0,-1.4779288903810084e-12,3.410605131648481e-13
1.615,0.0,0.0,0.0,1.7777777777777786,0.0,6.0263962650710956e-18,299.9999999999985,300.00000000000034,0.0,0.0,0.0,-1.4779288903810084e-12,3.410605131648481e-13
1.62,0.0,0.0,0.0,1.7777777777777786,0.0,6.0263962650710956e-18,299.9999999999985,300.00000000000034,0.0,0.0,0.0,-1.4779288903810084e-12,3.410605131648481e-13
1.625,0.0,0.0,0.0,1.7777777777777786,0.0,6.0263962650710956e-18,299.9999999999985,300.00000000000034,0.0,0.0,0.0,-1.4779288903810084e-12,3.410605131648481e-13
1.63,0.0,0.0,0.0,1.7777777777777786,0.0,6.0263962650710956e-18,299.9999999999985,300.00000000000034,0.0,0.0,0.0,-1.4779288903810084e-12,3.410605131648481e-13
1.635,0.0,0.0,0.0,1.7777777777777786,0.0,6.0263962650710956e-18,299.9999999999985,300.00000000000034,0.0,0.0,0.0,-1.4779288903810084e-12,3.410605131648481e-13
1.6400000000000001,0.0,0.0,0.0,1.7777777777777786,0.0,6.0263962650710956e-18,299.9999999999985,300.00000000000034,0.0,0.0,0.0,-1.4779288903810084e-12,3.410605131648481e-13
1.645,0.0,0.0,0.0,1.7777777777777786,0.0,6.0263962650710956e-18,299.9999999999985,300.00000000000034,0.0,0.0,0.0,-1.4779288903810084e-12,3.410605131648481e-13
1.65,0.0,0.0,0.0,1.7777777777777786,0.0,6.0263962650710956e-18,299.9999999999985,300.00000000000034,0.0,0.0,0.0,-1.4779288903810084e-12,3.410605131648481e-13
1.655,0.0,0.0,0.0,1.7777777777777786,0.0,6.0263962650710956e-18,299.9999999999985,300.00000000000034,0.0,0.0,0.0,-1.4779288903810084e-12,3.410605131648481e-13
1.6600000000000001,0.0,0.0,0.0,1.7777777777777786,0.0,6.0263962650710956e-18,299.9999999999985,300.00000000000034,0.0,0.0,0.0,-1.4779288903810084e-12,3.410605131648481e-13
1.665,0.0,0.0,0.0,1.7777777777777786,0.0,6.0263962650710956e-18,299.9999999999985,300.00000000000034,0.0,0.0,0.0,-1.4779288903810084e-12,3.410605131648481e-13
1.67,0.0,0.0,0.0,1.7777777777777786,0.0,6.0263962650710956e-18,299.9999999999985,300.00000000000034,0.0,0.0,0.0,-1.4779288903810084e-12,3.410605131648481e-13
1.675,0.0,0.0,0.0,1.7777777777777786,0.0,6.0263962650710956e-18,299.9999999999985,300.00000000000034,0.0,0.0,0.0,-1.4779288903810084e-12,3.410605131648481e-13
1.68,0.0,0.0,0.0,1.7777777777777786,0.0,6.0263962650710956e-18,299.9999999999985,300.00000000000034,0.0,0.0,0.0,-1.4779288903810084e-12,3.410605131648481e-13
1.685,0.0,0.0,0.0,1.7777777777777786,0.0,6.0263962650710956e-18,299.9999999999985,300.00000000000034,0.0,0.0,0.0,-1.4779288903810084e-12,3.410605131648481e-13
1.69,0.0,0.0,0.0,1.7777777777777786,0.0,6.0263962650710956e-18,299.9999999999985,300.00000000000034,0.0,0.0,0.0,-1.4779288903810084e-12,3.410605131648481e-13
1.695,0.0,0.0,0.0,1.7777777777777786,0.0,6.0263962650710956e-18,299.9999999999985,300.00000000000034,0.0,0.0,0.0,-1.4779288903810084e-12,3.410605131648481e-13
1.7,0.0,0.0,0.0,1.7777777777777786,0.0,6.0263962650710956e-18,299.9999999999985,300.00000000000034,0.0,0.0,0.0,-1.4779288903810084e-12,3.410605131648481e-13
1.705,0.0,0.0,0.0,1.7777777777777786,0.0,6.0263962650710956e-18,299.9999999999985,300.00000000000034,0.0,0.0,0.0,-1.4779288903810084e-12,3.410605131648481e-13
1.71,0.0,0.0,0.0,1.7777777777777786,0.0,6.0263962650710956e-18,299.9999999999985,300.00000000000034,0.0,0.0,0.0,-1.4779288903810084e-12,3.410605131648481e-13
1.715,0.0,0.0,0.0,1.7777777777777786,0.0,6.0263962650710956e-18,299.9999999999985,300.00000000000034,0.0,0.0,0.0,-1.4779288903810084e-12,3.410605131648481e-13
1.72,0.0,0.0,0.0,1.7777777777777786,0.0,6.0263962650710956e-18,299.9999999999985,300.00000000000034,0.0,0.0,0.0,-1.4779288903810084e-12,3.410605131648481e-13
1.725,0.0,0.0,0.0,1.7777777777777786,0.0,6.0263962650710956e-18,299.9999999999985,300.00000000000034,0.0,0.0,0.0,-1.4779288903810084e-12,3.410605131648481e-13
1.73,0.0,0.0,0.0,1.7777777777777786,0.0,6.0263962650710956e-18,299.9999999999985,300.00000000000034,0.0,0.0,0.0,-1.4779288903810084e-12,3.410605131648481e-13
1.735,0.0,0.0,0.0,1.7777777777777786,0.0,6.0263962650710956e-18,299.9999999999985,300.00000000000034,0.0,0.0,0.0,-1.4779288903810084e-12,3.410605131648481e-13
1.74,0.0,0.0,0.0,1.7777777777777786,0.0,6.0263962650710956e-18,299.9999999999985,300.00000000000034,0.0,0.0,0.0,-1.4779288903810084e-12,3.410605131648481e-13
1.745,0.0,0.0,0.0,1.7777777777777786,0.0,6.0263962650710956e-18,299.9999999999985,300.00000000000034,0.0,0.0,0.0,-1.4779288903810084e-12,3.410605131648481e-13
1.75,0.0,0.0,0.0,1.7777777777777786,0.0,6.0263962650710956e-18,299.9999999999985,300.00000000000034,0.0,0.0,0.0,-1.4779288903810084e-12,3.410605131648481e-13
1.7550000000000001,0.0,0.0,0.0,1.7777777777777786,0.0,6.0263962650710956e-18,299.9999999999985,300.00000000000034,0.0,0.0,0.0,-1.4779288903810084e-12,3.410605131648481e-13
1.76,0.0,0.0,0.0,1.7777777777777786,0.0,6.0263962650710956e-18,299.9999999999985,300.00000000000034,0.0,0.0,0.0,-1.4779288903810084e-12,3.410605131648481e-13
1.7650000000000001,0.0,0.0,0.0,1.7777777777777786,0.0,6.0263962650710956e-18,299.9999999999985,300.00000000000034,0.0,0.0,0.0,-1.4779288903810084e-12,3.410605131648481e-13
1.77,0.0,0.0,0.0,1.7777777777777786,0.0,6.0263962650710956e-18,299.9999999999985,300.00000000000034,0.0,0.0,0.0,-1.4779288903810084e-12,3.410605131648481e-13
1.775,0.0,0.0,0.0,1.7777777777777786,0.0,6.0263962650710956e-18,299.9999999999985,300.00000000000034,0.0,0.0,0.0,-1.4779288903810084e-12,3.410605131648481e-13
1.78,0.0,0.0,0.0,1.7777777777777786,0.0,6.0263962650710956e-18,299.9999999999985,300.00000000000034,0.0,0.0,0.0,-1.4779288903810084e-12,3.410605131648481e-13
1.785,0.0,0.0,0.0,1.7777777777777786,0.0,6.0263962650710956e-18,299.9999999999985,300.00000000000034,0.0,0.0,0.0,-1.4779288903810084e-12,3.410605131648481e-13
1.79,0.0,0.0,0.0,1.7777777777777786,0.0,6.0263962650710956e-18,299.9999999999985,300.00000000000034,0.0,0.0,0.0,-1.4779288903810084e-12,3.410605131648481e-13
1.795,0.0,0.0,0.0,1.7777777777777786,0.0,6.0263962650710956e-18,299.9999999999985,300.00000000000034,0.0,0.0,0.0,-1.4779288903810084e-12,3.410605131648481e-13
1.7999999999999998,0.0,0.0,0.0,1.7777777777777786,0.0,6.0263962650710956e-18,299.9999999999985,300.00000000000034,0.0,0.0,0.0,-1.4779288903810084e-12,3.410605131648481e-13
1.805,0.0,0.0,0.0,1.7777777777777786,0.0,6.0263962650710956e-18,299.9999999999985,300.00000000000034,0.0,0.0,0.0,-1.4779288903810084e-12,3.410605131648481e-13
1.8099999999999998,0.0,0.0,0.0,1.7777777777777786,0.0,6.0263962650710956e-18,299.9999999999985,300.00000000000034,0.0,0.0,0.0,-1.4779288903810084e-12,3.410605131648481e-13
1.815,0.0,0.0,0.0,1.7777777777777786,0.0,6.0263962650710956e-18,299.9999999999985,300.00000000000034,0.0,0.0,0.0,-1.4779288903810084e-12,3.410605131648481e-13
1.8199999999999998,0.0,0.0,0.0,1.7777777777777786,0.0,6.0263962650710956e-18,299.9999999999985,300.00000000000034,0.0,0.0,0.0,-1.4779288903810084e-12,3.410605131648481e-13
1.8249999999999997,0.0,0.0,0.0,1.7777777777777786,0.0,6.0263962650710956e-18,299.9999999999985,300.00000000000034,0.0,0.0,0.0,-1.4779288903810084e-12,3.410605131648481e-13
1.8299999999999998,0.0,0.0,0.0,1.7777777777777786,0.0,6.0263962650710956e-18,299.9999999999985,300.00000000000034,0.0,0.0,0.0,-1.4779288903810084e-12,3.410605131648481e-13
1.835,0.0,0.0,0.0,1.7777777777777786,0.0,6.0263962650710956e-18,299.9999999999985,300.00000000000034,0.0,0.0,0.0,-1.4779288903810084e-12,3.410605131648481e-13
1.8399999999999999,0.0,0.0,0.0,1.7777777777777786,0.0,6.0263962650710956e-18,299.9999999999985,300.00000000000034,0.0,0.0,0.0,-1.4779288903810084e-12,3.410605131648481e-13
1.8449999999999998,0.0,0.0,0.0,1.7777777777777786,0.0,6.0263962650710956e-18,299.9999999999985,300.00000000000034,0.0,0.0,0.0,-1.4779288903810084e-12,3.410605131648481e-13
1.8499999999999999,0.0,0.0,0.0,1.7777777777777786,0.0,6.0263962650710956e-18,299.9999999999985,300.00000000000034,0.0,0.0,0.0,-1.4779288903810084e-12,3.410605131648481e-13
1.855,0.0,0.0,0.0,1.7777777777777786,0.0,6.0263962650710956e-18,299.9999999999985,300.00000000000034,0.0,0.0,0.0,-1.4779288903810084e-12,3.410605131648481e-13
1.8599999999999999,0.0,0.0,0.0,1.7777777777777786,0.0,6.0263962650710956e-18,299.9999999999985,300.00000000000034,0.0,0.0,0.0,-1.4779288903810084e-12,3.410605131648481e-13
1.8649999999999998,0.0,0.0,0.0,1.7777777777777786,0.0,6.0263962650710956e-18,299.9999999999985,300.00000000000034,0.0,0.0,0.0,-1.4779288903810084e-12,3.410605131648481e-13
1.8699999999999999,0.0,0.0,0.0,1.7777777777777786,0.0,6.0263962650710956e-18,299.9999999999985,300.00000000000034,0.0,0.0,0.0,-1.4779288903810084e-12,3.410605131648481e-13
1.875,0.0,0.0,0.0,1.7777777777777786,0.0,6.0263962650710956e-18,299.9999999999985,300.00000000000034,0.0,0.0,0.0,-1.4779288903810084e-12,3.410605131648481e-13
1.88,0.0,0.0,0.0,1.7777777777777786,0.0,6.0263962650710956e-18,299.9999999999985,300.00000000000034,0.0,0.0,0.0,-1.4779288903810084e-12,3.410605131648481e-13
1.8849999999999998,0.0,0.0,0.0,1.7777777777777786,0.0,6.0263962650710956e-18,299.9999999999985,300.00000000000034,0.0,0.0,0.0,-1.4779288903810084e-12,3.410605131648481e-13
1.89,0.0,0.0,0.0,1.7777777777777786,0.0,6.0263962650710956e-18,299.9999999999985,300.00000000000034,0.0,0.0,0.0,-1.4779288903810084e-12,3.410605131648481e-13
1.895,0.0,0.0,0.0,1.7777777777777786,0.0,6.0263962650710956e-18,299.9999999999985,300.00000000000034,0.0,0.0,0.0,-1.4779288903810084e-12,3.410605131648481e-13
1.9,0.0,0.0,0.0,1.7777777777777786,0.0,6.0263962650710956e-18,299.9999999999985,300.00000000000034,0.0,0.0,0.0,-1.4779288903810084e-12,3.410605131648481e-13
1.9049999999999998,0.0,0.0,0.0,1.7777777777777786,0.0,6.0263962650710956e-18,299.9999999999985,300.00000000000034,0.0,0.0,0.0,-1.4779288903810084e-12,3.410605131648481e-13
1.91,0.0,0.0,0.0,1.7777777777777786,0.0,6.0263962650710956e-18,299.9999999999985,300.00000000000034,0.0,0.0,0.0,-1.4779288903810084e-12,3.410605131648481e-13
1.915,0.0,0.0,0.0,1.7777777777777786,0.0,6.0263962650710956e-18,299.9999999999985,300.00000000000034,0.0,0.0,0.0,-1.4779288903810084e-12,3.410605131648481e-13
1.92,0.0,0.0,0.0,1.7777777777777786,0.0,6.0263962650710956e-18,299.9999999999985,300.00000000000034,0.0,0.0,0.0,-1.4779288903810084e-12,3.410605131648481e-13
1.9249999999999998,0.0,0.0,0.0,1.7777777777777786,0.0,6.0263962650710956e-18,299.9999999999985,300.00000000000034,0.0,0.0,0.0,-1.4779288903810084e-12,3.410605131648481e-13
1.93,0.0,0.0,0.0,1.7777777777777786,0.0,6.0263962650710956e-18,299.9999999999985,300.00000000000034,0.0,0.0,0.0,-1.4779288903810084e-12,3.410605131648481e-13
1.935,0.0,0.0,0.0,1.7777777777777786,0.0,6.0263962650710956e-18,299.9999999999985,300.00000000000034,0.0,0.0,0.0,-1.4779288903810084e-12,3.410605131648481e-13
1.94,0.0,0.0,0.0,1.7777777777777786,0.0,6.0263962650710956e-18,299.9999999999985,300.00000000000034,0.0,0.0,0.0,-1.4779288903810084e-12,3.410605131648481e-13
1.9449999999999998,0.0,0.0,0.0,1.7777777777777786,0.0,6.0263962650710956e-18,299.9999999999985,300.00000000000034,0.0,0.0,0.0,-1.4779288903810084e-12,3.410605131648481e-13
1.95,0.0,0.0,0.0,1.7777777777777786,0.0,6.0263962650710956e-18,299.9999999999985,300.00000000000034,0.0,0.0,0.0,-1.4779288903810084e-12,3.410605131648481e-13
1.955,0.0,0.0,0.0,1.7777777777777786,0.0,6.0263962650710956e-18,299.9999999999985,300.00000000000034,0.0,0.0,0.0,-1.4779288903810084e-12,3.410605131648481e-13
1.96,0.0,0.0,0.0,1.7777777777777786,0.0,6.0263962650710956e-18,299.9999999999985,300.00000000000034,0.0,0.0,0.0,-1.4779288903810084e-12,3.410605131648481e-13
1.9649999999999999,0.0,0.0,0.0,1.7777777777777786,0.0,6.0263962650710956e-18,299.9999999999985,300.00000000000034,0.0,0.0,0.0,-1.4779288903810084e-12,3.410605131648481e-13
1.97,0.0,0.0,0.0,1.7777777777777786,0.0,6.0263962650710956e-18,299.9999999999985,300.00000000000034,0.0,0.0,0.0,-1.4779288903810084e-12,3.410605131648481e-13
1.975,0.0,0.0,0.0,1.7777777777777786,0.0,6.0263962650710956e-18,299.9999999999985,300.00000000000034,0.0,0.0,0.0,-1.4779288903810084e-12,3.410605131648481e-13
1.98,0.0,0.0,0.0,1.7777777777777786,0.0,6.0263962650710956e-18,299.9999999999985,300.00000000000034,0.0,0.0,0.0,-1.4779288903810084e-12,3.410605131648481e-13
1.9849999999999999,0.0,0.0,0.0,1.7777777777777786,0.0,6.0263962650710956e-18,299.9999999999985,300.00000000000034,0.0,0.0,0.0,-1.4779288903810084e-12,3.410605131648481e-13
1.99,0.0,0.0,0.0,1.7777777777777786,0.0,6.0263962650710956e-18,299.9999999999985,300.00000000000034,0.0,0.0,0.0,-1.4779288903810084e-12,3.410605131648481e-13
1.995,0.0,0.0,0.0,1.7777777777777786,0.0,6.0263962650710956e-18,299.9999999999985,300.00000000000034,0.0,0.0,0.0,-1.4779288903810084e-12,3.410605131648481e-13
2.0,0.0,0.0,0.0,1.7777777777777786,0.0,6.0263962650710956e-18,299.9999999999985,300.00000000000034,0.0,0.0,0.0,-1.4779288903810084e-12,3.410605131648481e-13
