intent,configuration,time,roi_phase_fraction,roi_temperature_max
3,Coarse,0,0,0
3,Coarse,0.01,0,0.00525870458776
3,Coarse,0.02,0,0.028672345416
3,Coarse,0.03,0,0.080347678487
3,Coarse,0.04,0,0.168175406566
3,Coarse,0.05,0,0.298702373129
3,Coarse,0.06,0,0.412573130725
3,Coarse,0.07,0,0.504052222213
3,Coarse,0.08,0,0.582004360854
3,Coarse,0.09,0,0.650768121249
3,Coarse,0.1,0,0.71273127444
3,Coarse,0.11,0,0.769319088924
3,Coarse,0.12,0,0.821398551425
3,Coarse,0.13,0,0.869419618251
3,Coarse,0.14,0,0.913384165854
3,Coarse,0.15,0,0.952615531073
3,Coarse,0.16,0,0.985247858481
3,Coarse,0.17,0,1.00771999401
3,Coarse,0.18,0,1.01654020753
3,Coarse,0.19,0.00826446280992,1.0139855553
3,Coarse,0.2,0.00826446280992,1.0076354158
3,Coarse,0.21,0.0165289256198,1.00199433765
3,Coarse,0.22,0.0330578512397,0.997372529732
3,Coarse,0.23,0.0330578512397,0.993630749412
3,Coarse,0.24,0.0413223140496,0.991117093439
3,Coarse,0.25,0.0578512396694,0.990091298325
3,Coarse,0.26,0.0578512396694,0.990458961007
3,Coarse,0.27,0.0826446280992,0.991729832085
3,Coarse,0.28,0.0909090909091,0.993355831579
3,Coarse,0.29,0.115702479339,0.995114072458
3,Coarse,0.3,0.123966942149,0.997049712367
3,Coarse,0.31,0.148760330579,0.976600683148
3,Coarse,0.32,0.148760330579,0.939578111649
3,Coarse,0.33,0.190082644628,0.895731564105
3,Coarse,0.34,0.206611570248,0.851453070717
3,Coarse,0.35,0.206611570248,0.811442818344
3,Coarse,0.36,0.231404958678,0.777382850797
3,Coarse,0.37,0.256198347107,0.747344220287
3,Coarse,0.38,0.272727272727,0.72013715421
3,Coarse,0.39,0.280991735537,0.69597811915
3,Coarse,0.4,0.297520661157,0.674403089705
3,Coarse,0.41,0.322314049587,0.65407250439
3,Coarse,0.42,0.330578512397,0.634848247831
3,Coarse,0.43,0.338842975207,0.616622856947
3,Coarse,0.44,0.338842975207,0.599309275768
3,Coarse,0.45,0.347107438017,0.582834516786
3,Coarse,0.46,0.347107438017,0.567135690496
3,Coarse,0.47,0.347107438017,0.552157462417
3,Coarse,0.48,0.347107438017,0.538516839495
3,Coarse,0.49,0.347107438017,0.525914381014
3,Coarse,0.5,0.347107438017,0.513776730429
3,Coarse,0.51,0.355371900826,0.502080927839
3,Coarse,0.52,0.355371900826,0.490804760256
3,Coarse,0.53,0.355371900826,0.47992681787
3,Coarse,0.54,0.363636363636,0.469426537568
3,Coarse,0.55,0.363636363636,0.459765852143
3,Coarse,0.56,0.363636363636,0.450553788595
3,Coarse,0.57,0.363636363636,0.441606388796
3,Coarse,0.58,0.363636363636,0.432911720771
3,Coarse,0.59,0.363636363636,0.424782102895
3,Coarse,0.6,0.355371900826,0.417204152038
3,Coarse,0.61,0.347107438017,0.410139331467
3,Coarse,0.62,0.347107438017,0.403385896807
3,Coarse,0.63,0.347107438017,0.396783090475
3,Coarse,0.64,0.347107438017,0.390276957898
3,Coarse,0.65,0.338842975207,0.383864580103
3,Coarse,0.66,0.338842975207,0.377543444891
3,Coarse,0.67,0.338842975207,0.371311388324
3,Coarse,0.68,0.330578512397,0.365166547195
3,Coarse,0.69,0.322314049587,0.359107319541
3,Coarse,0.7,0.322314049587,0.353132331011
3,Coarse,0.71,0.322314049587,0.347240405484
3,Coarse,0.72,0.322314049587,0.341430538802
3,Coarse,0.73,0.322314049587,0.335701874876
3,Coarse,0.74,0.322314049587,0.330053683737
3,Coarse,0.75,0.322314049587,0.324485341156
3,Coarse,0.76,0.322314049587,0.318996309834
3,Coarse,0.77,0.322314049587,0.313586122033
3,Coarse,0.78,0.322314049587,0.308254363672
3,Coarse,0.79,0.322314049587,0.303000659884
3,Coarse,0.8,0.314049586777,0.297824662059
3,Coarse,0.81,0.314049586777,0.292726036366
3,Coarse,0.82,0.314049586777,0.287704453723
3,Coarse,0.83,0.314049586777,0.28275958117
3,Coarse,0.84,0.314049586777,0.2778910746
3,Coarse,0.85,0.297520661157,0.273098572734
3,Coarse,0.86,0.297520661157,0.268381692284
3,Coarse,0.87,0.297520661157,0.263740024167
3,Coarse,0.88,0.297520661157,0.259173130695
3,Coarse,0.89,0.297520661157,0.25468054361
3,Coarse,0.9,0.297520661157,0.25026176287
3,Coarse,0.91,0.297520661157,0.245916256081
3,Coarse,0.92,0.297520661157,0.241643458484
3,Coarse,0.93,0.297520661157,0.237442773401
3,Coarse,0.94,0.297520661157,0.233313573062
3,Coarse,0.95,0.297520661157,0.229255199751
3,Coarse,0.96,0.289256198347,0.225266967181
3,Coarse,0.97,0.289256198347,0.221348162073
3,Coarse,0.98,0.280991735537,0.217498045859
3,Coarse,0.99,0.280991735537,0.213715856493
3,Coarse,1,0.280991735537,0.210000810314
3,Coarse,1.01,0.280991735537,0.206566235314
3,Coarse,1.02,0.280991735537,0.204124241849
3,Coarse,1.03,0.280991735537,0.204382721084
3,Coarse,1.04,0.280991735537,0.227116633995
3,Coarse,1.05,0.272727272727,0.268041367929
3,Coarse,1.06,0.272727272727,0.305033213742
3,Coarse,1.07,0.272727272727,0.339583564961
3,Coarse,1.08,0.272727272727,0.375997332841
3,Coarse,1.09,0.272727272727,0.410879549432
3,Coarse,1.1,0.256198347107,0.444273806185
3,Coarse,1.11,0.247933884298,0.476352345868
3,Coarse,1.12,0.247933884298,0.507228004884
3,Coarse,1.13,0.247933884298,0.536969300404
3,Coarse,1.14,0.247933884298,0.565599391973
3,Coarse,1.15,0.256198347107,0.594195487843
3,Coarse,1.16,0.256198347107,0.62252928366
3,Coarse,1.17,0.256198347107,0.650204283887
3,Coarse,1.18,0.280991735537,0.6771878782
3,Coarse,1.19,0.280991735537,0.703358670459
3,Coarse,1.2,0.280991735537,0.728450786697
3,Coarse,1.21,0.280991735537,0.751976812516
3,Coarse,1.22,0.305785123967,0.773177151502
3,Coarse,1.23,0.322314049587,0.797861805758
3,Coarse,1.24,0.338842975207,0.824254116997
3,Coarse,1.25,0.338842975207,0.848208887778
3,Coarse,1.26,0.363636363636,0.86790775685
3,Coarse,1.27,0.396694214876,0.893582154696
3,Coarse,1.28,0.413223140496,0.920261039072
3,Coarse,1.29,0.438016528926,0.940639794826
3,Coarse,1.3,0.479338842975,0.968364237797
3,Coarse,1.31,0.512396694215,0.975162595635
3,Coarse,1.32,0.553719008264,0.955102355631
3,Coarse,1.33,0.586776859504,0.932612062964
3,Coarse,1.34,0.636363636364,0.898738132107
3,Coarse,1.35,0.669421487603,0.862047142528
3,Coarse,1.36,0.685950413223,0.827886831059
3,Coarse,1.37,0.727272727273,0.796895361995
3,Coarse,1.38,0.801652892562,0.769112737076
3,Coarse,1.39,0.826446280992,0.743983252001
3,Coarse,1.4,0.834710743802,0.721879021517
3,Coarse,1.41,0.842975206612,0.70291962599
3,Coarse,1.42,0.859504132231,0.685017250817
3,Coarse,1.43,0.876033057851,0.668005806336
3,Coarse,1.44,0.876033057851,0.651766104316
3,Coarse,1.45,0.876033057851,0.636210937011
3,Coarse,1.46,0.876033057851,0.621274612919
3,Coarse,1.47,0.876033057851,0.607324682621
3,Coarse,1.48,0.876033057851,0.593914598669
3,Coarse,1.49,0.876033057851,0.580952464422
3,Coarse,1.5,0.876033057851,0.56841306645
3,Coarse,1.51,0.876033057851,0.556273138799
3,Coarse,1.52,0.876033057851,0.544511030477
3,Coarse,1.53,0.876033057851,0.533106502909
3,Coarse,1.54,0.876033057851,0.522218088566
3,Coarse,1.55,0.876033057851,0.511830206593
3,Coarse,1.56,0.876033057851,0.501713084072
3,Coarse,1.57,0.876033057851,0.491852895151
3,Coarse,1.58,0.876033057851,0.482236970349
3,Coarse,1.59,0.876033057851,0.472853689496
3,Coarse,1.6,0.876033057851,0.46380389043
3,Coarse,1.61,0.876033057851,0.455129272208
3,Coarse,1.62,0.876033057851,0.446843701399
3,Coarse,1.63,0.876033057851,0.438805898718
3,Coarse,1.64,0.876033057851,0.430911485307
3,Coarse,1.65,0.876033057851,0.423276736346
3,Coarse,1.66,0.876033057851,0.415836648527
3,Coarse,1.67,0.876033057851,0.408569859312
3,Coarse,1.68,0.876033057851,0.401446074339
3,Coarse,1.69,0.876033057851,0.394424069506
3,Coarse,1.7,0.876033057851,0.387504237894
3,Coarse,1.71,0.876033057851,0.380686768007
3,Coarse,1.72,0.876033057851,0.374022318154
3,Coarse,1.73,0.876033057851,0.367629838666
3,Coarse,1.74,0.876033057851,0.361326846907
3,Coarse,1.75,0.876033057851,0.355113720509
3,Coarse,1.76,0.876033057851,0.348990658667
3,Coarse,1.77,0.876033057851,0.342957704223
3,Coarse,1.78,0.876033057851,0.337014763445
3,Coarse,1.79,0.876033057851,0.331161623616
3,Coarse,1.8,0.876033057851,0.32539796854
3,Coarse,1.81,0.867768595041,0.319780151971
3,Coarse,1.82,0.867768595041,0.314343665091
3,Coarse,1.83,0.867768595041,0.308987601147
3,Coarse,1.84,0.867768595041,0.303711702799
3,Coarse,1.85,0.867768595041,0.298515634638
3,Coarse,1.86,0.867768595041,0.293398992762
3,Coarse,1.87,0.867768595041,0.288361313158
3,Coarse,1.88,0.867768595041,0.283402079042
3,Coarse,1.89,0.867768595041,0.278520727282
3,Coarse,1.9,0.859504132231,0.27371665401
3,Coarse,1.91,0.859504132231,0.269058170805
3,Coarse,1.92,0.859504132231,0.264502108211
3,Coarse,1.93,0.859504132231,0.260016684884
3,Coarse,1.94,0.859504132231,0.255601348203
3,Coarse,1.95,0.859504132231,0.251255515924
3,Coarse,1.96,0.859504132231,0.246978579591
3,Coarse,1.97,0.859504132231,0.242769907585
3,Coarse,1.98,0.851239669421,0.238628847843
3,Coarse,1.99,0.842975206612,0.234554730298
3,Coarse,2,0.842975206612,0.230546869068
4,Medium,0,0,0
4,Medium,0.005,0,0.00111482812983
4,Medium,0.01,0,0.00584655624687
4,Medium,0.015,0,0.0160396226476
4,Medium,0.02,0,0.033117841922
4,Medium,0.025,0,0.0582753660468
4,Medium,0.03,0,0.0925560163595
4,Medium,0.035,0,0.136894405494
4,Medium,0.04,0,0.192140582624
4,Medium,0.045,0,0.25907624013
4,Medium,0.05,0,0.338424794825
4,Medium,0.055,0,0.405196066683
4,Medium,0.06,0,0.460590899222
4,Medium,0.065,0,0.509256792461
4,Medium,0.07,0,0.553246953474
4,Medium,0.075,0,0.59369474716
4,Medium,0.08,0,0.631315570495
4,Medium,0.085,0,0.666600129308
4,Medium,0.09,0,0.699904007649
4,Medium,0.095,0,0.731494830454
4,Medium,0.1,0,0.761579383572
4,Medium,0.105,0,0.790320148266
4,Medium,0.11,0,0.817845703932
4,Medium,0.115,0,0.844257251888
4,Medium,0.12,0,0.869632422741
4,Medium,0.125,0,0.89402691391
4,Medium,0.13,0,0.917474097152
4,Medium,0.135,0,0.939982403288
4,Medium,0.14,0,0.96152996512
4,Medium,0.145,0,0.982055649813
4,Medium,0.15,0,1.00144529715
4,Medium,0.155,0,1.01951203212
4,Medium,0.16,0,1.03597105504
4,Medium,0.165,0,1.05041514935
4,Medium,0.17,0,1.06231137588
4,Medium,0.175,0,1.07105960592
4,Medium,0.18,0,1.07615256605
4,Medium,0.185,0,1.07741018319
4,Medium,0.19,0.00206611570248,1.07515370287
4,Medium,0.195,0.00413223140496,1.07017704442
4,Medium,0.2,0.00826446280992,1.0635187362
4,Medium,0.205,0.0103305785124,1.05617931132
4,Medium,0.21,0.0144628099174,1.04892985321
4,Medium,0.215,0.0165289256198,1.0422585923
4,Medium,0.22,0.0227272727273,1.03641359814
4,Medium,0.225,0.0268595041322,1.03147651097
4,Medium,0.23,0.0309917355372,1.027427182
4,Medium,0.235,0.0330578512397,1.02419001711
4,Medium,0.24,0.0392561983471,1.02166619299
4,Medium,0.245,0.0433884297521,1.01975467794
4,Medium,0.25,0.051652892562,1.01836281507
4,Medium,0.255,0.0537190082645,1.01740917734
4,Medium,0.26,0.0578512396694,1.01682305047
4,Medium,0.265,0.0661157024793,1.01654350957
4,Medium,0.27,0.0743801652893,1.01651875916
4,Medium,0.275,0.0805785123967,1.01670536479
4,Medium,0.28,0.0888429752066,1.01706711898
4,Medium,0.285,0.0929752066116,1.01757366134
4,Medium,0.29,0.105371900826,1.01819915437
4,Medium,0.295,0.109504132231,1.01892128533
4,Medium,0.3,0.113636363636,1.01972069966
4,Medium,0.305,0.126033057851,1.01097459662
4,Medium,0.31,0.134297520661,0.994921725154
4,Medium,0.315,0.142561983471,0.97464459464
4,Medium,0.32,0.154958677686,0.951845002304
4,Medium,0.325,0.159090909091,0.927687684233
4,Medium,0.33,0.167355371901,0.903069222564
4,Medium,0.335,0.181818181818,0.878726477544
4,Medium,0.34,0.185950413223,0.855288175337
4,Medium,0.345,0.196280991736,0.833302706201
4,Medium,0.35,0.20041322314,0.813459950758
4,Medium,0.355,0.212809917355,0.796116191541
4,Medium,0.36,0.221074380165,0.779972814004
4,Medium,0.365,0.229338842975,0.764826506387
4,Medium,0.37,0.237603305785,0.750667919853
4,Medium,0.375,0.24173553719,0.737117826896
4,Medium,0.38,0.25,0.724108586566
4,Medium,0.385,0.25826446281,0.711587461168
4,Medium,0.39,0.262396694215,0.699512324479
4,Medium,0.395,0.264462809917,0.687848720996
4,Medium,0.4,0.276859504132,0.676588293026
4,Medium,0.405,0.287190082645,0.666094571739
4,Medium,0.41,0.289256198347,0.655899678158
4,Medium,0.415,0.295454545455,0.645988338308
4,Medium,0.42,0.305785123967,0.636346893118
4,Medium,0.425,0.307851239669,0.626962992627
4,Medium,0.43,0.316115702479,0.61782536457
4,Medium,0.435,0.322314049587,0.608923637419
4,Medium,0.44,0.326446280992,0.600248203473
4,Medium,0.445,0.328512396694,0.591790111609
4,Medium,0.45,0.330578512397,0.583810078205
4,Medium,0.455,0.330578512397,0.576032104281
4,Medium,0.46,0.332644628099,0.56842784996
4,Medium,0.465,0.334710743802,0.560991861715
4,Medium,0.47,0.336776859504,0.553718912005
4,Medium,0.475,0.338842975207,0.546603980195
4,Medium,0.48,0.340909090909,0.539680964141
4,Medium,0.485,0.340909090909,0.532974152746
4,Medium,0.49,0.340909090909,0.526585257313
4,Medium,0.495,0.342975206612,0.52032019614
4,Medium,0.5,0.342975206612,0.514175767846
4,Medium,0.505,0.342975206612,0.508148833157
4,Medium,0.51,0.342975206612,0.502236314898
4,Medium,0.515,0.342975206612,0.496435198061
4,Medium,0.52,0.342975206612,0.490743863648
4,Medium,0.525,0.342975206612,0.485337995036
4,Medium,0.53,0.342975206612,0.480025480626
4,Medium,0.535,0.342975206612,0.474804075384
4,Medium,0.54,0.345041322314,0.469671560818
4,Medium,0.545,0.342975206612,0.464625748043
4,Medium,0.55,0.342975206612,0.459800289628
4,Medium,0.555,0.342975206612,0.455131948399
4,Medium,0.56,0.342975206612,0.450534313157
4,Medium,0.565,0.342975206612,0.446005705641
4,Medium,0.57,0.342975206612,0.441608240756
4,Medium,0.575,0.342975206612,0.437356160871
4,Medium,0.58,0.342975206612,0.433161835218
4,Medium,0.585,0.342975206612,0.429064451615
4,Medium,0.59,0.340909090909,0.425156612561
4,Medium,0.595,0.338842975207,0.421360212501
4,Medium,0.6,0.338842975207,0.41765817027
4,Medium,0.605,0.338842975207,0.414198630855
4,Medium,0.61,0.338842975207,0.410829720603
4,Medium,0.615,0.338842975207,0.407487424399
4,Medium,0.62,0.338842975207,0.404171003631
4,Medium,0.625,0.338842975207,0.400879779492
4,Medium,0.63,0.336776859504,0.397613128526
4,Medium,0.635,0.336776859504,0.39437047855
4,Medium,0.64,0.332644628099,0.391151304915
4,Medium,0.645,0.332644628099,0.387955127076
4,Medium,0.65,0.328512396694,0.384781505426
4,Medium,0.655,0.328512396694,0.381630038384
4,Medium,0.66,0.328512396694,0.378500359689
4,Medium,0.665,0.328512396694,0.375392135888
4,Medium,0.67,0.328512396694,0.372305064012
4,Medium,0.675,0.326446280992,0.369238869389
4,Medium,0.68,0.324380165289,0.366193303579
4,Medium,0.685,0.322314049587,0.36316814246
4,Medium,0.69,0.322314049587,0.360163184413
4,Medium,0.695,0.320247933884,0.357178248609
4,Medium,0.7,0.320247933884,0.35421317339
4,Medium,0.705,0.320247933884,0.351267814733
4,Medium,0.71,0.316115702479,0.348342044795
4,Medium,0.715,0.314049586777,0.345435750533
4,Medium,0.72,0.311983471074,0.342548832394
4,Medium,0.725,0.309917355372,0.339681203075
4,Medium,0.73,0.309917355372,0.336834480035
4,Medium,0.735,0.307851239669,0.334024062763
4,Medium,0.74,0.307851239669,0.331233000211
4,Medium,0.745,0.307851239669,0.32846120132
4,Medium,0.75,0.307851239669,0.325708582945
4,Medium,0.755,0.307851239669,0.322975069156
4,Medium,0.76,0.305785123967,0.320260590562
4,Medium,0.765,0.305785123967,0.317565083668
4,Medium,0.77,0.303719008264,0.314888490258
4,Medium,0.775,0.29958677686,0.312230756801
4,Medium,0.78,0.29958677686,0.309591833897
4,Medium,0.785,0.297520661157,0.306971675741
4,Medium,0.79,0.295454545455,0.304370239616
4,Medium,0.795,0.295454545455,0.301787485417
4,Medium,0.8,0.295454545455,0.299223375202
4,Medium,0.805,0.293388429752,0.296677872768
4,Medium,0.81,0.293388429752,0.294150943258
4,Medium,0.815,0.293388429752,0.291642552786
4,Medium,0.82,0.293388429752,0.289152668099
4,Medium,0.825,0.293388429752,0.286681256255
4,Medium,0.83,0.293388429752,0.284228284327
4,Medium,0.835,0.29132231405,0.281793719138
4,Medium,0.84,0.29132231405,0.279377527008
4,Medium,0.845,0.29132231405,0.276979673529
4,Medium,0.85,0.289256198347,0.274600123363
4,Medium,0.855,0.289256198347,0.272238840055
4,Medium,0.86,0.289256198347,0.269895785865
4,Medium,0.865,0.289256198347,0.267570921626
4,Medium,0.87,0.289256198347,0.265264206613
4,Medium,0.875,0.285123966942,0.262975598426
4,Medium,0.88,0.28305785124,0.260705052894
4,Medium,0.885,0.28305785124,0.258452523996
4,Medium,0.89,0.28305785124,0.256217963783
4,Medium,0.895,0.28305785124,0.254007357022
4,Medium,0.9,0.28305785124,0.251824073855
4,Medium,0.905,0.280991735537,0.249658349459
4,Medium,0.91,0.278925619835,0.247510126359
4,Medium,0.915,0.276859504132,0.245379345612
4,Medium,0.92,0.27479338843,0.243265946756
4,Medium,0.925,0.27479338843,0.241169867761
4,Medium,0.93,0.27479338843,0.239091045001
4,Medium,0.935,0.27479338843,0.237029413222
4,Medium,0.94,0.272727272727,0.234984905529
4,Medium,0.945,0.272727272727,0.232957453368
4,Medium,0.95,0.270661157025,0.230946986531
4,Medium,0.955,0.270661157025,0.22895343315
4,Medium,0.96,0.270661157025,0.22697671971
4,Medium,0.965,0.270661157025,0.22501677106
4,Medium,0.97,0.268595041322,0.223073510434
4,Medium,0.975,0.268595041322,0.22114685947
4,Medium,0.98,0.268595041322,0.219236738241
4,Medium,0.985,0.268595041322,0.217343065281
4,Medium,0.99,0.268595041322,0.215465757623
4,Medium,0.995,0.264462809917,0.213604730832
4,Medium,1,0.264462809917,0.211759899046
4,Medium,1.005,0.264462809917,0.209948377517
4,Medium,1.01,0.262396694215,0.208226032601
4,Medium,1.015,0.262396694215,0.20666131328
4,Medium,1.02,0.262396694215,0.205331448317
4,Medium,1.025,0.262396694215,0.204395692676
4,Medium,1.03,0.262396694215,0.204285065658
4,Medium,1.035,0.260330578512,0.217046912535
4,Medium,1.04,0.260330578512,0.233790946077
4,Medium,1.045,0.256198347107,0.254587928643
4,Medium,1.05,0.256198347107,0.279772305953
4,Medium,1.055,0.252066115702,0.30129027042
4,Medium,1.06,0.252066115702,0.319536171952
4,Medium,1.065,0.25,0.336021738555
4,Medium,1.07,0.25,0.351406858442
4,Medium,1.075,0.247933884298,0.366044532575
4,Medium,1.08,0.243801652893,0.380146903375
4,Medium,1.085,0.243801652893,0.393850656144
4,Medium,1.09,0.243801652893,0.407248050184
4,Medium,1.095,0.243801652893,0.420424810987
4,Medium,1.1,0.239669421488,0.436941061396
4,Medium,1.105,0.235537190083,0.453206077431
4,Medium,1.11,0.23347107438,0.469169863343
4,Medium,1.115,0.23347107438,0.484848140255
4,Medium,1.12,0.231404958678,0.500254511294
4,Medium,1.125,0.231404958678,0.515400722373
4,Medium,1.13,0.229338842975,0.530296749467
4,Medium,1.135,0.229338842975,0.544950748709
4,Medium,1.14,0.229338842975,0.559368896033
4,Medium,1.145,0.235537190083,0.573555133589
4,Medium,1.15,0.235537190083,0.587510831946
4,Medium,1.155,0.23347107438,0.601234370114
4,Medium,1.16,0.23347107438,0.614720634339
4,Medium,1.165,0.237603305785,0.627960434274
4,Medium,1.17,0.235537190083,0.640939843152
4,Medium,1.175,0.23347107438,0.653639479785
4,Medium,1.18,0.235537190083,0.666033771471
4,Medium,1.185,0.237603305785,0.678312492736
4,Medium,1.19,0.239669421488,0.691031073782
4,Medium,1.195,0.243801652893,0.703649440501
4,Medium,1.2,0.25,0.716051562724
4,Medium,1.205,0.256198347107,0.728131681278
4,Medium,1.21,0.256198347107,0.739828474445
4,Medium,1.215,0.262396694215,0.751068146431
4,Medium,1.22,0.268595041322,0.76290752213
4,Medium,1.225,0.278925619835,0.774953358784
4,Medium,1.23,0.28305785124,0.786547447433
4,Medium,1.235,0.289256198347,0.797604711129
4,Medium,1.24,0.293388429752,0.808428969171
4,Medium,1.245,0.305785123967,0.820812347671
4,Medium,1.25,0.314049586777,0.832632264671
4,Medium,1.255,0.320247933884,0.843728058225
4,Medium,1.26,0.326446280992,0.854146924192
4,Medium,1.265,0.342975206612,0.866825894071
4,Medium,1.27,0.349173553719,0.878725124245
4,Medium,1.275,0.355371900826,0.889616639136
4,Medium,1.28,0.373966942149,0.901258522395
4,Medium,1.285,0.382231404959,0.913955876905
4,Medium,1.29,0.402892561983,0.925499805855
4,Medium,1.295,0.413223140496,0.93676023383
4,Medium,1.3,0.429752066116,0.950188251267
4,Medium,1.305,0.440082644628,0.9568976769
4,Medium,1.31,0.456611570248,0.957192149291
4,Medium,1.315,0.477272727273,0.954226183783
4,Medium,1.32,0.487603305785,0.945760027887
4,Medium,1.325,0.50826446281,0.935343731108
4,Medium,1.33,0.518595041322,0.922173601043
4,Medium,1.335,0.537190082645,0.906240859011
4,Medium,1.34,0.553719008264,0.890506361037
4,Medium,1.345,0.568181818182,0.874319633808
4,Medium,1.35,0.584710743802,0.857827083459
4,Medium,1.355,0.601239669421,0.843010631421
4,Medium,1.36,0.623966942149,0.828775501755
4,Medium,1.365,0.638429752066,0.81507650837
4,Medium,1.37,0.654958677686,0.801639449736
4,Medium,1.375,0.673553719008,0.788751519408
4,Medium,1.38,0.688016528926,0.77679180334
4,Medium,1.385,0.70041322314,0.765615030681
4,Medium,1.39,0.706611570248,0.75434019478
4,Medium,1.395,0.735537190083,0.743012115399
4,Medium,1.4,0.747933884298,0.731677846381
4,Medium,1.405,0.768595041322,0.720384916456
4,Medium,1.41,0.785123966942,0.709179749472
4,Medium,1.415,0.799586776859,0.698106216588
4,Medium,1.42,0.807851239669,0.687204406923
4,Medium,1.425,0.820247933884,0.676509675293
4,Medium,1.43,0.826446280992,0.666051995265
4,Medium,1.435,0.845041322314,0.655855617308
4,Medium,1.44,0.847107438017,0.64593900834
4,Medium,1.445,0.855371900826,0.636884620375
4,Medium,1.45,0.859504132231,0.629422328532
4,Medium,1.455,0.867768595041,0.622106694155
4,Medium,1.46,0.873966942149,0.614931156761
4,Medium,1.465,0.876033057851,0.607889916945
4,Medium,1.47,0.878099173554,0.60097780355
4,Medium,1.475,0.878099173554,0.59419016376
4,Medium,1.48,0.880165289256,0.587597263014
4,Medium,1.485,0.882231404959,0.581129167146
4,Medium,1.49,0.886363636364,0.574768820784
4,Medium,1.495,0.888429752066,0.568513353679
4,Medium,1.5,0.890495867769,0.56236003766
4,Medium,1.505,0.890495867769,0.556306263427
4,Medium,1.51,0.892561983471,0.550349521992
4,Medium,1.515,0.892561983471,0.54448738997
4,Medium,1.52,0.892561983471,0.538749080605
4,Medium,1.525,0.892561983471,0.533143806294
4,Medium,1.53,0.892561983471,0.527623883049
4,Medium,1.535,0.892561983471,0.522187171935
4,Medium,1.54,0.892561983471,0.516831580054
4,Medium,1.545,0.892561983471,0.511555059659
4,Medium,1.55,0.892561983471,0.506355607828
4,Medium,1.555,0.892561983471,0.50123126652
4,Medium,1.56,0.892561983471,0.496180122874
4,Medium,1.565,0.892561983471,0.491201464075
4,Medium,1.57,0.892561983471,0.486350192308
4,Medium,1.575,0.892561983471,0.481564623232
4,Medium,1.58,0.892561983471,0.476843161063
4,Medium,1.585,0.892561983471,0.47223597854
4,Medium,1.59,0.892561983471,0.467711894221
4,Medium,1.595,0.892561983471,0.463244226829
4,Medium,1.6,0.892561983471,0.458831621312
4,Medium,1.605,0.892561983471,0.454472766227
4,Medium,1.61,0.890495867769,0.450166393157
4,Medium,1.615,0.890495867769,0.445912515589
4,Medium,1.62,0.890495867769,0.441777124265
4,Medium,1.625,0.890495867769,0.437687430292
4,Medium,1.63,0.890495867769,0.433642441044
4,Medium,1.635,0.888429752066,0.429641202193
4,Medium,1.64,0.888429752066,0.42568861438
4,Medium,1.645,0.884297520661,0.421834184235
4,Medium,1.65,0.884297520661,0.418017824095
4,Medium,1.655,0.884297520661,0.414238842472
4,Medium,1.66,0.882231404959,0.410548944408
4,Medium,1.665,0.880165289256,0.406895539797
4,Medium,1.67,0.878099173554,0.403330135597
4,Medium,1.675,0.878099173554,0.399795622191
4,Medium,1.68,0.878099173554,0.39629714425
4,Medium,1.685,0.876033057851,0.392867965933
4,Medium,1.69,0.876033057851,0.389466268291
4,Medium,1.695,0.869834710744,0.386123433027
4,Medium,1.7,0.867768595041,0.382816062599
4,Medium,1.705,0.859504132231,0.379554193991
4,Medium,1.71,0.859504132231,0.376325183212
4,Medium,1.715,0.857438016529,0.37311909925
4,Medium,1.72,0.857438016529,0.369935906171
4,Medium,1.725,0.857438016529,0.366811263539
4,Medium,1.73,0.857438016529,0.363724205749
4,Medium,1.735,0.857438016529,0.360658663767
4,Medium,1.74,0.857438016529,0.357614629337
4,Medium,1.745,0.857438016529,0.354592088639
4,Medium,1.75,0.855371900826,0.351591022688
4,Medium,1.755,0.855371900826,0.3486114077
4,Medium,1.76,0.855371900826,0.345653215457
4,Medium,1.765,0.855371900826,0.342736380849
4,Medium,1.77,0.855371900826,0.339865209203
4,Medium,1.775,0.855371900826,0.337014310203
4,Medium,1.78,0.855371900826,0.334183668762
4,Medium,1.785,0.855371900826,0.331373265143
4,Medium,1.79,0.855371900826,0.328583075281
4,Medium,1.795,0.855371900826,0.325813071081
4,Medium,1.8,0.855371900826,0.323063220703
4,Medium,1.805,0.855371900826,0.320353215799
4,Medium,1.81,0.853305785124,0.317681870772
4,Medium,1.815,0.853305785124,0.31502968759
4,Medium,1.82,0.851239669421,0.31239664141
4,Medium,1.825,0.851239669421,0.309782703751
4,Medium,1.83,0.849173553719,0.307187842723
4,Medium,1.835,0.849173553719,0.304612023232
4,Medium,1.84,0.842975206612,0.302055207181
4,Medium,1.845,0.842975206612,0.299535265572
4,Medium,1.85,0.842975206612,0.297049019036
4,Medium,1.855,0.842975206612,0.294580914514
4,Medium,1.86,0.840909090909,0.292130917862
4,Medium,1.865,0.840909090909,0.289698992109
4,Medium,1.87,0.838842975207,0.287285097611
4,Medium,1.875,0.836776859504,0.28488919219
4,Medium,1.88,0.836776859504,0.282511231272
4,Medium,1.885,0.836776859504,0.280152494501
4,Medium,1.89,0.836776859504,0.277837853228
4,Medium,1.895,0.834710743802,0.275540408204
4,Medium,1.9,0.832644628099,0.273260116983
4,Medium,1.905,0.832644628099,0.270996934902
4,Medium,1.91,0.832644628099,0.268750815194
4,Medium,1.915,0.832644628099,0.26652170908
4,Medium,1.92,0.832644628099,0.264309565867
4,Medium,1.925,0.832644628099,0.262114333026
4,Medium,1.93,0.832644628099,0.259935956281
4,Medium,1.935,0.832644628099,0.257782169206
4,Medium,1.94,0.832644628099,0.25565944459
4,Medium,1.945,0.832644628099,0.253552929959
4,Medium,1.95,0.830578512397,0.251462572171
4,Medium,1.955,0.826446280992,0.249388316503
4,Medium,1.96,0.826446280992,0.247330106716
4,Medium,1.965,0.826446280992,0.245287885119
4,Medium,1.97,0.826446280992,0.243261592632
4,Medium,1.975,0.824380165289,0.241251168842
4,Medium,1.98,0.824380165289,0.239256552058
4,Medium,1.985,0.824380165289,0.237277679367
4,Medium,1.99,0.824380165289,0.235314486677
4,Medium,1.995,0.818181818182,0.233375224873
4,Medium,2,0.818181818182,0.231460173715
5,Fine,0,0,0
5,Fine,0.0025,0,0.00021467547006
5,Fine,0.005,0,0.00107854572359
5,Fine,0.0075,0,0.00291931433822
5,Fine,0.01,0,0.00599061718745
5,Fine,0.0125,0,0.0105063199974
5,Fine,0.015,0,0.0166545462512
5,Fine,0.0175,0,0.0246049268944
5,Fine,0.02,0,0.0345129280379
5,Fine,0.0225,0,0.0465226837371
5,Fine,0.025,0,0.0607689715411
5,Fine,0.0275,0,0.0773786557702
5,Fine,0.03,0,0.0964717805403
5,Fine,0.0325,0,0.118162421843
5,Fine,0.035,0,0.142559368333
5,Fine,0.0375,0,0.169766676446
5,Fine,0.04,0,0.199884129705
5,Fine,0.0425,0,0.233007617122
5,Fine,0.045,0,0.269229425362
5,Fine,0.0475,0,0.308638405408
5,Fine,0.05,0,0.35131993219
5,Fine,0.0525,0,0.388288796071
5,Fine,0.055,0,0.420386334612
5,Fine,0.0575,0,0.449456367715
5,Fine,0.06,0,0.476333554712
5,Fine,0.0625,0,0.501494653936
5,Fine,0.065,0,0.525250481908
5,Fine,0.0675,0,0.547820537466
5,Fine,0.07,0,0.569368280017
5,Fine,0.0725,0,0.590020146532
5,Fine,0.075,0,0.609876775252
5,Fine,0.0775,0,0.629020081687
5,Fine,0.08,0,0.647517950378
5,Fine,0.0825,0,0.665427472427
5,Fine,0.085,0,0.68279725297
5,Fine,0.0875,0,0.699669100207
5,Fine,0.09,0,0.716079289452
5,Fine,0.0925,0,0.732059526943
5,Fine,0.095,0,0.747637696189
5,Fine,0.0975,0,0.762838443288
5,Fine,0.1,0,0.777683640609
5,Fine,0.1025,0,0.792192756763
5,Fine,0.105,0,0.806383152975
5,Fine,0.1075,0,0.820270320486
5,Fine,0.11,0,0.833868069644
5,Fine,0.1125,0,0.84718867847
5,Fine,0.115,0,0.860243006215
5,Fine,0.1175,0,0.8730405757
5,Fine,0.12,0,0.885589626788
5,Fine,0.1225,0,0.897897142083
5,Fine,0.125,0,0.909968844813
5,Fine,0.1275,0,0.921809167746
5,Fine,0.13,0,0.933421190876
5,Fine,0.1325,0,0.944806544373
5,Fine,0.135,0,0.955965271987
5,Fine,0.1375,0,0.966895648576
5,Fine,0.14,0,0.977593943726
5,Fine,0.1425,0,0.988054121504
5,Fine,0.145,0,0.998267464617
5,Fine,0.1475,0,1.00822210883
5,Fine,0.15,0,1.01790247313
5,Fine,0.1525,0,1.02728857124
5,Fine,0.155,0,1.03635519488
5,Fine,0.1575,0,1.04507097157
5,Fine,0.16,0,1.05339732476
5,Fine,0.1625,0,1.06128741039
5,Fine,0.165,0,1.06868517942
5,Fine,0.1675,0,1.0755248252
5,Fine,0.17,0,1.0817310111
5,Fine,0.1725,0,1.0872204112
5,Fine,0.175,0,1.09190514276
5,Fine,0.1775,0,1.09569857016
5,Fine,0.18,0,1.098523543
5,Fine,0.1825,0,1.10032243092
5,Fine,0.185,0,1.1010674475
5,Fine,0.1875,0,1.10076907417
5,Fine,0.19,0.000918273645546,1.09948032433
5,Fine,0.1925,0.00183654729109,1.09729535931
5,Fine,0.195,0.00275482093664,1.09434239648
5,Fine,0.1975,0.00459136822773,1.09077236181
5,Fine,0.2,0.00550964187328,1.08674570106
5,Fine,0.2025,0.00642791551882,1.08241985554
5,Fine,0.205,0.00826446280992,1.07793926193
5,Fine,0.2075,0.010101010101,1.07342876086
5,Fine,0.21,0.0128558310376,1.06899040535
5,Fine,0.2125,0.0146923783287,1.06470307615
5,Fine,0.215,0.0146923783287,1.06062406778
5,Fine,0.2175,0.0146923783287,1.05679182272
5,Fine,0.22,0.020202020202,1.05322914783
5,Fine,0.2225,0.0229568411387,1.04994644768
5,Fine,0.225,0.0238751147842,1.04694469556
5,Fine,0.2275,0.0238751147842,1.04421800114
5,Fine,0.23,0.0266299357208,1.04175573185
5,Fine,0.2325,0.030303030303,1.03954419806
5,Fine,0.235,0.0339761248852,1.03756794556
5,Fine,0.2375,0.0348943985308,1.03581071353
5,Fine,0.24,0.0367309458219,1.03425612059
5,Fine,0.2425,0.0394857667585,1.03288813807
5,Fine,0.245,0.040404040404,1.03169140159
5,Fine,0.2475,0.0449954086318,1.03065140232
5,Fine,0.25,0.0477502295684,1.02975458995
5,Fine,0.2525,0.0495867768595,1.02898841213
5,Fine,0.255,0.0523415977961,1.02834130976
5,Fine,0.2575,0.0550964187328,1.02780268293
5,Fine,0.26,0.0569329660239,1.02736283913
5,Fine,0.2625,0.0615243342516,1.02701293191
5,Fine,0.265,0.0642791551882,1.02674489577
5,Fine,0.2675,0.0679522497704,1.02655138082
5,Fine,0.27,0.0697887970615,1.02642568923
5,Fine,0.2725,0.0725436179982,1.02636171471
5,Fine,0.275,0.0734618916437,1.02635388561
5,Fine,0.2775,0.0808080808081,1.02639711213
5,Fine,0.28,0.0863177226814,1.02648673811
5,Fine,0.2825,0.0881542699725,1.02661849747
5,Fine,0.285,0.089072543618,1.02678847543
5,Fine,0.2875,0.0927456382002,1.02699307402
5,Fine,0.29,0.0936639118457,1.02722898158
5,Fine,0.2925,0.101928374656,1.0274931455
5,Fine,0.295,0.106519742883,1.02778274799
5,Fine,0.2975,0.110192837466,1.02809518442
5,Fine,0.3,0.112947658402,1.02842804421
5,Fine,0.3025,0.114784205693,1.02525446585
5,Fine,0.305,0.121212121212,1.01924600789
5,Fine,0.3075,0.127640036731,1.01137683421
5,Fine,0.31,0.132231404959,1.00215129602
5,Fine,0.3125,0.13406795225,0.991896573079
5,Fine,0.315,0.13406795225,0.98085250686
5,Fine,0.3175,0.141414141414,0.969208222758
5,Fine,0.32,0.147842056933,0.957120253562
5,Fine,0.3225,0.153351698806,0.944722686988
5,Fine,0.325,0.157024793388,0.932133321307
5,Fine,0.3275,0.160697887971,0.919457611539
5,Fine,0.33,0.164370982553,0.906791305689
5,Fine,0.3325,0.167125803489,0.894222265933
5,Fine,0.335,0.172635445363,0.881831764576
5,Fine,0.3375,0.179063360882,0.869695432828
5,Fine,0.34,0.181818181818,0.857883975491
5,Fine,0.3425,0.187327823691,0.84684508319
5,Fine,0.345,0.189164370983,0.836370788932
5,Fine,0.3475,0.191919191919,0.826439757774
5,Fine,0.35,0.196510560147,0.817086307273
5,Fine,0.3525,0.201101928375,0.808121003097
5,Fine,0.355,0.203856749311,0.799498750803
5,Fine,0.3575,0.21028466483,0.791175244495
5,Fine,0.36,0.214876033058,0.783115175907
5,Fine,0.3625,0.21854912764,0.775290512208
5,Fine,0.365,0.222222222222,0.767678697418
5,Fine,0.3675,0.225895316804,0.760261300224
5,Fine,0.37,0.229568411387,0.753023042426
5,Fine,0.3725,0.232323232323,0.745953095613
5,Fine,0.375,0.234159779614,0.739230507617
5,Fine,0.3775,0.238751147842,0.732644045783
5,Fine,0.38,0.24334251607,0.726186271337
5,Fine,0.3825,0.246097337006,0.719850650077
5,Fine,0.385,0.25160697888,0.713631400968
5,Fine,0.3875,0.256198347107,0.707523373346
5,Fine,0.39,0.258034894399,0.701521946933
5,Fine,0.3925,0.262626262626,0.695622950099
5,Fine,0.395,0.265381083563,0.689822592765
5,Fine,0.3975,0.266299357208,0.684117411111
5,Fine,0.4,0.269972451791,0.678504221831
5,Fine,0.4025,0.271808999082,0.672980084123
5,Fine,0.405,0.274563820018,0.66766941505
5,Fine,0.4075,0.279155188246,0.662488133762
5,Fine,0.41,0.280991735537,0.657380543673
5,Fine,0.4125,0.280991735537,0.652344819787
5,Fine,0.415,0.283746556474,0.647379230221
5,Fine,0.4175,0.287419651056,0.642482126954
5,Fine,0.42,0.292011019284,0.637651937831
5,Fine,0.4225,0.296602387511,0.632887159634
5,Fine,0.425,0.297520661157,0.628186352047
5,Fine,0.4275,0.299357208448,0.623548132398
5,Fine,0.43,0.30303030303,0.618971171047
5,Fine,0.4325,0.305785123967,0.614454187336
5,Fine,0.435,0.314967860422,0.610068907981
5,Fine,0.4375,0.320477502296,0.605775466931
5,Fine,0.44,0.320477502296,0.601534100312
5,Fine,0.4425,0.320477502296,0.59734387523
5,Fine,0.445,0.323232323232,0.593203884716
5,Fine,0.4475,0.324150596878,0.589113246219
5,Fine,0.45,0.325987144169,0.585071100261
5,Fine,0.4525,0.326905417815,0.581076609206
5,Fine,0.455,0.329660238751,0.577128956154
5,Fine,0.4575,0.330578512397,0.573227343927
5,Fine,0.46,0.330578512397,0.569370994146
5,Fine,0.4625,0.332415059688,0.565580723066
5,Fine,0.465,0.333333333333,0.56189931135
5,Fine,0.4675,0.333333333333,0.558257866619
5,Fine,0.47,0.334251606979,0.554655797422
5,Fine,0.4725,0.337924701561,0.551092522303
5,Fine,0.475,0.337924701561,0.547567469472
5,Fine,0.4775,0.337006427916,0.544080076506
5,Fine,0.48,0.337006427916,0.540651457322
5,Fine,0.4825,0.337924701561,0.537260507189
5,Fine,0.485,0.337924701561,0.533905109274
5,Fine,0.4875,0.337924701561,0.530607962505
5,Fine,0.49,0.339761248852,0.527394773607
5,Fine,0.4925,0.339761248852,0.524213356238
5,Fine,0.495,0.339761248852,0.521063291951
5,Fine,0.4975,0.340679522498,0.517944166521
5,Fine,0.5,0.341597796143,0.514855569932
5,Fine,0.5025,0.341597796143,0.511797096363
5,Fine,0.505,0.341597796143,0.50876834418
5,Fine,0.5075,0.341597796143,0.505768915932
5,Fine,0.51,0.341597796143,0.502798418339
5,Fine,0.5125,0.341597796143,0.499897161085
5,Fine,0.515,0.341597796143,0.497046485042
5,Fine,0.5175,0.341597796143,0.494221857057
5,Fine,0.52,0.342516069789,0.491422953119
5,Fine,0.5225,0.342516069789,0.488649451374
5,Fine,0.525,0.342516069789,0.485901032208
5,Fine,0.5275,0.342516069789,0.483177378327
5,Fine,0.53,0.342516069789,0.480478174836
5,Fine,0.5325,0.341597796143,0.477877679617
5,Fine,0.535,0.340679522498,0.475303476724
5,Fine,0.5375,0.340679522498,0.472750949194
5,Fine,0.54,0.340679522498,0.470219833948
5,Fine,0.5425,0.341597796143,0.46770986939
5,Fine,0.545,0.340679522498,0.465220795511
5,Fine,0.5475,0.340679522498,0.462752353987
5,Fine,0.55,0.340679522498,0.460345205761
5,Fine,0.5525,0.340679522498,0.457970532072
5,Fine,0.555,0.339761248852,0.455614473696
5,Fine,0.5575,0.339761248852,0.453276808526
5,Fine,0.56,0.339761248852,0.45095731575
5,Fine,0.5625,0.338842975207,0.448658816756
5,Fine,0.565,0.338842975207,0.446443778993
5,Fine,0.5675,0.338842975207,0.444244721987
5,Fine,0.57,0.338842975207,0.442061456625
5,Fine,0.5725,0.337924701561,0.439893795099
5,Fine,0.575,0.337924701561,0.437768471131
5,Fine,0.5775,0.337924701561,0.435678823329
5,Fine,0.58,0.337924701561,0.433603184999
5,Fine,0.5825,0.337006427916,0.431541392927
5,Fine,0.585,0.337006427916,0.429524038643
5,Fine,0.5875,0.337006427916,0.427548709212
5,Fine,0.59,0.337006427916,0.425599631422
5,Fine,0.5925,0.337006427916,0.423689497663
5,Fine,0.595,0.337006427916,0.421790269301
5,Fine,0.5975,0.337006427916,0.419929339187
5,Fine,0.6,0.337006427916,0.418131698788
5,Fine,0.6025,0.337006427916,0.416393647545
5,Fine,0.605,0.337006427916,0.414694808536
5,Fine,0.6075,0.337006427916,0.413002929813
5,Fine,0.61,0.33608815427,0.411317900114
5,Fine,0.6125,0.33608815427,0.409639612809
5,Fine,0.615,0.33608815427,0.407967965726
5,Fine,0.6175,0.333333333333,0.406302860986
5,Fine,0.62,0.331496786042,0.404644204837
5,Fine,0.6225,0.330578512397,0.402991907505
5,Fine,0.625,0.329660238751,0.401345883041
5,Fine,0.6275,0.329660238751,0.399706049185
5,Fine,0.63,0.329660238751,0.398072327225
5,Fine,0.6325,0.329660238751,0.396444641868
5,Fine,0.635,0.329660238751,0.394822921113
5,Fine,0.6375,0.329660238751,0.393207096134
5,Fine,0.64,0.329660238751,0.391597101157
5,Fine,0.6425,0.329660238751,0.389992873356
5,Fine,0.645,0.328741965106,0.388394352739
5,Fine,0.6475,0.326905417815,0.386801482047
5,Fine,0.65,0.326905417815,0.385214402276
5,Fine,0.6525,0.326905417815,0.383637321201
5,Fine,0.655,0.326905417815,0.382065849013
5,Fine,0.6575,0.325987144169,0.380499937422
5,Fine,0.66,0.325068870523,0.378939540151
5,Fine,0.6625,0.324150596878,0.377384612873
5,Fine,0.665,0.324150596878,0.375835113139
5,Fine,0.6675,0.324150596878,0.374291000314
5,Fine,0.67,0.321395775941,0.372752235512
5,Fine,0.6725,0.321395775941,0.371218781542
5,Fine,0.675,0.321395775941,0.369690602841
5,Fine,0.6775,0.321395775941,0.368167665421
5,Fine,0.68,0.320477502296,0.366649936818
5,Fine,0.6825,0.320477502296,0.365137386029
5,Fine,0.685,0.317722681359,0.363629983471
5,Fine,0.6875,0.314967860422,0.362127700924
5,Fine,0.69,0.314967860422,0.360630511482
5,Fine,0.6925,0.313131313131,0.359138389511
5,Fine,0.695,0.313131313131,0.357651310596
5,Fine,0.6975,0.313131313131,0.356169251503
5,Fine,0.7,0.31129476584,0.354692190128
5,Fine,0.7025,0.309458218549,0.35322010546
5,Fine,0.705,0.309458218549,0.351752977539
5,Fine,0.7075,0.309458218549,0.35029078741
5,Fine,0.71,0.309458218549,0.348833517089
5,Fine,0.7125,0.309458218549,0.347381149524
5,Fine,0.715,0.309458218549,0.345933668553
5,Fine,0.7175,0.309458218549,0.344491058873
5,Fine,0.72,0.309458218549,0.343053306
5,Fine,0.7225,0.309458218549,0.341620396235
5,Fine,0.725,0.308539944904,0.34019231663
5,Fine,0.7275,0.308539944904,0.338769054954
5,Fine,0.73,0.308539944904,0.337350599662
5,Fine,0.7325,0.307621671258,0.335936939861
5,Fine,0.735,0.306703397612,0.334528065282
5,Fine,0.7375,0.306703397612,0.333123966245
5,Fine,0.74,0.306703397612,0.331724633636
5,Fine,0.7425,0.306703397612,0.33033005887
5,Fine,0.745,0.304866850321,0.328940233873
5,Fine,0.7475,0.304866850321,0.327555151044
5,Fine,0.75,0.304866850321,0.326174803237
5,Fine,0.7525,0.303948576676,0.32479918373
5,Fine,0.755,0.30303030303,0.323428286204
5,Fine,0.7575,0.30303030303,0.322062104713
5,Fine,0.76,0.30303030303,0.320700633667
5,Fine,0.7625,0.30303030303,0.319343867803
5,Fine,0.765,0.30303030303,0.317991802165
5,Fine,0.7675,0.301193755739,0.316644432084
5,Fine,0.77,0.301193755739,0.31530682299
5,Fine,0.7725,0.301193755739,0.31397573513
5,Fine,0.775,0.300275482094,0.312649327907
5,Fine,0.7775,0.299357208448,0.311327594904
5,Fine,0.78,0.298438934803,0.310010529962
5,Fine,0.7825,0.298438934803,0.308698127162
5,Fine,0.785,0.298438934803,0.307390380815
5,Fine,0.7875,0.298438934803,0.306087285439
5,Fine,0.79,0.298438934803,0.304788835744
5,Fine,0.7925,0.298438934803,0.303495026624
5,Fine,0.795,0.298438934803,0.302205853131
5,Fine,0.7975,0.297520661157,0.300921310471
5,Fine,0.8,0.295684113866,0.299641393983
5,Fine,0.8025,0.295684113866,0.298366099128
5,Fine,0.805,0.295684113866,0.297095421478
5,Fine,0.8075,0.29476584022,0.295829356699
5,Fine,0.81,0.29476584022,0.294567900543
5,Fine,0.8125,0.29476584022,0.293311048832
5,Fine,0.815,0.29476584022,0.292058797452
5,Fine,0.8175,0.292929292929,0.290811142337
5,Fine,0.82,0.292929292929,0.289568079459
5,Fine,0.8225,0.292929292929,0.288329604822
5,Fine,0.825,0.292929292929,0.287095714448
5,Fine,0.8275,0.292929292929,0.285866404367
5,Fine,0.83,0.291092745638,0.284641670613
5,Fine,0.8325,0.291092745638,0.28342150921
5,Fine,0.835,0.289256198347,0.282205916166
5,Fine,0.8375,0.289256198347,0.280994887467
5,Fine,0.84,0.289256198347,0.279788419063
5,Fine,0.8425,0.287419651056,0.27858650687
5,Fine,0.845,0.287419651056,0.277389146753
5,Fine,0.8475,0.28650137741,0.276196334529
5,Fine,0.85,0.28650137741,0.275008065954
5,Fine,0.8525,0.28650137741,0.273824336718
5,Fine,0.855,0.283746556474,0.272645142444
5,Fine,0.8575,0.281910009183,0.271470478676
5,Fine,0.86,0.281910009183,0.270300340879
5,Fine,0.8625,0.281910009183,0.269134724432
5,Fine,0.865,0.280991735537,0.267973624625
5,Fine,0.8675,0.280991735537,0.266817036651
5,Fine,0.87,0.280991735537,0.265664955609
5,Fine,0.8725,0.280991735537,0.264517376491
5,Fine,0.875,0.280991735537,0.263379664918
5,Fine,0.8775,0.280073461892,0.262246682158
5,Fine,0.88,0.280073461892,0.261118139838
5,Fine,0.8825,0.280073461892,0.259994032195
5,Fine,0.885,0.278236914601,0.258874353385
5,Fine,0.8875,0.277318640955,0.257759097481
5,Fine,0.89,0.277318640955,0.256648258469
5,Fine,0.8925,0.277318640955,0.255541830248
5,Fine,0.895,0.277318640955,0.25443980662
5,Fine,0.8975,0.276400367309,0.253342181296
5,Fine,0.9,0.275482093664,0.252248947886
5,Fine,0.9025,0.275482093664,0.251160099903
5,Fine,0.905,0.274563820018,0.250075630756
5,Fine,0.9075,0.274563820018,0.248995533749
5,Fine,0.91,0.273645546373,0.247919802084
5,Fine,0.9125,0.273645546373,0.246848428851
5,Fine,0.915,0.273645546373,0.245781407035
5,Fine,0.9175,0.271808999082,0.244718729509
5,Fine,0.92,0.271808999082,0.243660389035
5,Fine,0.9225,0.270890725436,0.242606378264
5,Fine,0.925,0.270890725436,0.241556689732
5,Fine,0.9275,0.270890725436,0.240511315864
5,Fine,0.93,0.269972451791,0.239470248968
5,Fine,0.9325,0.269054178145,0.23843348124
5,Fine,0.935,0.267217630854,0.23740100476
5,Fine,0.9375,0.267217630854,0.236372811492
5,Fine,0.94,0.267217630854,0.235348893285
5,Fine,0.9425,0.266299357208,0.234329241876
5,Fine,0.945,0.266299357208,0.233313848882
5,Fine,0.9475,0.266299357208,0.232302705809
5,Fine,0.95,0.265381083563,0.231295804047
5,Fine,0.9525,0.263544536272,0.230293134872
5,Fine,0.955,0.263544536272,0.229294689447
5,Fine,0.9575,0.263544536272,0.228300458822
5,Fine,0.96,0.263544536272,0.227310433934
5,Fine,0.9625,0.262626262626,0.226324605609
5,Fine,0.965,0.262626262626,0.225342964563
5,Fine,0.9675,0.262626262626,0.224365501401
5,Fine,0.97,0.261707988981,0.22339220662
5,Fine,0.9725,0.261707988981,0.222423070608
5,Fine,0.975,0.261707988981,0.221458083649
5,Fine,0.9775,0.261707988981,0.220497235918
5,Fine,0.98,0.261707988981,0.219540517488
5,Fine,0.9825,0.261707988981,0.218587918328
5,Fine,0.985,0.261707988981,0.217639428304
5,Fine,0.9875,0.261707988981,0.216695037182
5,Fine,0.99,0.260789715335,0.21575473463
5,Fine,0.9925,0.260789715335,0.214818510217
5,Fine,0.995,0.260789715335,0.213886353415
5,Fine,0.9975,0.260789715335,0.21295848705
5,Fine,1,0.25987144169,0.212038205004
5,Fine,1.0025,0.25987144169,0.21112376195
5,Fine,1.005,0.257116620753,0.210220911279
5,Fine,1.0075,0.255280073462,0.209336329577
5,Fine,1.01,0.255280073462,0.208477262124
5,Fine,1.0125,0.254361799816,0.207651507401
5,Fine,1.015,0.254361799816,0.206879849897
5,Fine,1.0175,0.253443526171,0.206165280137
5,Fine,1.02,0.253443526171,0.205518312325
5,Fine,1.0225,0.253443526171,0.204950014259
5,Fine,1.025,0.252525252525,0.204475332637
5,Fine,1.0275,0.25160697888,0.20418340101
5,Fine,1.03,0.250688705234,0.20472236596
5,Fine,1.0325,0.249770431589,0.211028028909
5,Fine,1.035,0.249770431589,0.218243519882
5,Fine,1.0375,0.249770431589,0.226410836579
5,Fine,1.04,0.249770431589,0.235571722314
5,Fine,1.0425,0.249770431589,0.245767838892
5,Fine,1.045,0.249770431589,0.257040920231
5,Fine,1.0475,0.248852157943,0.269432910709
5,Fine,1.05,0.247933884298,0.282986091209
5,Fine,1.0525,0.247933884298,0.294800008208
5,Fine,1.055,0.247015610652,0.305146108707
5,Fine,1.0575,0.247015610652,0.314622375329
5,Fine,1.06,0.246097337006,0.323500214712
5,Fine,1.0625,0.246097337006,0.331934497766
5,Fine,1.065,0.245179063361,0.340025526181
5,Fine,1.0675,0.244260789715,0.347843228664
5,Fine,1.07,0.244260789715,0.355438702237
5,Fine,1.0725,0.24334251607,0.362850512813
5,Fine,1.075,0.241505968779,0.370108468903
5,Fine,1.0775,0.241505968779,0.377236036763
5,Fine,1.08,0.239669421488,0.384251964028
5,Fine,1.0825,0.239669421488,0.391171413163
5,Fine,1.085,0.239669421488,0.398006776467
5,Fine,1.0875,0.238751147842,0.404768276164
5,Fine,1.09,0.238751147842,0.411464414864
5,Fine,1.0925,0.236914600551,0.418102319102
5,Fine,1.095,0.235996326905,0.424688004788
5,Fine,1.0975,0.235996326905,0.431226584562
5,Fine,1.1,0.235996326905,0.437722431185
5,Fine,1.1025,0.235996326905,0.444179307229
5,Fine,1.105,0.234159779614,0.45060046859
5,Fine,1.1075,0.234159779614,0.45848156017
5,Fine,1.11,0.232323232323,0.466385182622
5,Fine,1.1125,0.231404958678,0.474216839464
5,Fine,1.115,0.229568411387,0.481977801322
5,Fine,1.1175,0.229568411387,0.489669217515
5,Fine,1.12,0.229568411387,0.497292123428
5,Fine,1.1225,0.227731864096,0.504847444712
5,Fine,1.125,0.22681359045,0.512335998751
5,Fine,1.1275,0.22681359045,0.519758493867
5,Fine,1.13,0.22681359045,0.527115526406
5,Fine,1.1325,0.22681359045,0.534407576024
5,Fine,1.135,0.225895316804,0.541634999386
5,Fine,1.1375,0.225895316804,0.548798022455
5,Fine,1.14,0.22681359045,0.555896731532
5,Fine,1.1425,0.227731864096,0.56293106317
5,Fine,1.145,0.227731864096,0.570005761415
5,Fine,1.1475,0.227731864096,0.577045677494
5,Fine,1.15,0.227731864096,0.584032218187
5,Fine,1.1525,0.22681359045,0.59096550726
5,Fine,1.155,0.227731864096,0.597845488468
5,Fine,1.1575,0.22681359045,0.604671910444
5,Fine,1.16,0.228650137741,0.61144431025
5,Fine,1.1625,0.228650137741,0.618161995561
5,Fine,1.165,0.228650137741,0.624824025483
5,Fine,1.1675,0.231404958678,0.631429190016
5,Fine,1.17,0.230486685032,0.637975988246
5,Fine,1.1725,0.230486685032,0.64446260537
5,Fine,1.175,0.230486685032,0.65088688877
5,Fine,1.1775,0.230486685032,0.657246323407
5,Fine,1.18,0.232323232323,0.663538006956
5,Fine,1.1825,0.233241505969,0.669758625229
5,Fine,1.185,0.234159779614,0.675904428601
5,Fine,1.1875,0.234159779614,0.681971210364
5,Fine,1.19,0.235996326905,0.688038890843
5,Fine,1.1925,0.241505968779,0.694349240189
5,Fine,1.195,0.242424242424,0.700596363881
5,Fine,1.1975,0.24334251607,0.706775555892
5,Fine,1.2,0.244260789715,0.712881503522
5,Fine,1.2025,0.24334251607,0.718908255339
5,Fine,1.205,0.247015610652,0.72484919447
5,Fine,1.2075,0.248852157943,0.730697019754
5,Fine,1.21,0.25160697888,0.736443737786
5,Fine,1.2125,0.256198347107,0.742080669444
5,Fine,1.215,0.258034894399,0.747943430284
5,Fine,1.2175,0.258034894399,0.753986303101
5,Fine,1.22,0.25987144169,0.759935733089
5,Fine,1.2225,0.263544536272,0.765781576691
5,Fine,1.225,0.264462809917,0.771512775749
5,Fine,1.2275,0.269054178145,0.777117386371
5,Fine,1.23,0.272727272727,0.782582640632
5,Fine,1.2325,0.275482093664,0.788324113693
5,Fine,1.235,0.280073461892,0.794197568211
5,Fine,1.2375,0.284664830119,0.799951898998
5,Fine,1.24,0.287419651056,0.805670473992
5,Fine,1.2425,0.292929292929,0.81123468358
5,Fine,1.245,0.295684113866,0.816627594333
5,Fine,1.2475,0.299357208448,0.822551033693
5,Fine,1.25,0.304866850321,0.828430058842
5,Fine,1.2525,0.307621671258,0.834148827836
5,Fine,1.255,0.314967860422,0.839687746963
5,Fine,1.2575,0.316804407713,0.845026290041
5,Fine,1.26,0.321395775941,0.850881418162
5,Fine,1.2625,0.325987144169,0.856889978885
5,Fine,1.265,0.332415059688,0.862712139132
5,Fine,1.2675,0.33608815427,0.868323889431
5,Fine,1.27,0.339761248852,0.873700258868
5,Fine,1.2725,0.347107438017,0.879549375419
5,Fine,1.275,0.351698806244,0.885663539064
5,Fine,1.2775,0.357208448118,0.891555226505
5,Fine,1.28,0.362718089991,0.897195400792
5,Fine,1.2825,0.368227731864,0.902554219227
5,Fine,1.285,0.376492194674,0.908811557129
5,Fine,1.2875,0.380165289256,0.914982115836
5,Fine,1.29,0.388429752066,0.920881487552
5,Fine,1.2925,0.397612488522,0.926475038401
5,Fine,1.295,0.402203856749,0.932381148367
5,Fine,1.2975,0.407713498623,0.938821748587
5,Fine,1.3,0.415977961432,0.944966296234
5,Fine,1.3025,0.421487603306,0.949385409743
5,Fine,1.305,0.429752066116,0.952283278265
5,Fine,1.3075,0.436179981635,0.954216291023
5,Fine,1.31,0.443526170799,0.954399333403
5,Fine,1.3125,0.450872359963,0.952961711695
5,Fine,1.315,0.456382001837,0.951152373973
5,Fine,1.3175,0.465564738292,0.948220631751
5,Fine,1.32,0.473829201102,0.94401350437
5,Fine,1.3225,0.483011937557,0.938662904665
5,Fine,1.325,0.487603305785,0.933207101737
5,Fine,1.3275,0.496786042241,0.927054676585
5,Fine,1.33,0.50505050505,0.920077265857
5,Fine,1.3325,0.51331496786,0.912724274828
5,Fine,1.335,0.520661157025,0.905463959077
5,Fine,1.3375,0.52984389348,0.897684765482
5,Fine,1.34,0.537190082645,0.889508849821
5,Fine,1.3425,0.541781450872,0.881338731172
5,Fine,1.345,0.553719008264,0.873512799088
5,Fine,1.3475,0.560146923783,0.865565889599
5,Fine,1.35,0.564738292011,0.857609345737
5,Fine,1.3525,0.573002754821,0.849900156149
5,Fine,1.355,0.582185491276,0.842705542461
5,Fine,1.3575,0.592286501377,0.835639472474
5,Fine,1.36,0.597796143251,0.828645267403
5,Fine,1.3625,0.603305785124,0.821682269191
5,Fine,1.365,0.610651974288,0.81491101879
5,Fine,1.3675,0.618916437098,0.808528453841
5,Fine,1.37,0.625344352617,0.80226751092
5,Fine,1.3725,0.631772268136,0.796047489532
5,Fine,1.375,0.640036730946,0.789941010938
5,Fine,1.3775,0.644628099174,0.783955137724
5,Fine,1.38,0.65564738292,0.778102402197
5,Fine,1.3825,0.662993572084,0.772449850763
5,Fine,1.385,0.670339761249,0.767047278636
5,Fine,1.3875,0.679522497704,0.761761764602
5,Fine,1.39,0.683195592286,0.75644910482
5,Fine,1.3925,0.687786960514,0.751113395203
5,Fine,1.395,0.694214876033,0.745758932561
5,Fine,1.3975,0.702479338843,0.740390183479
5,Fine,1.4,0.711662075298,0.735011751007
5,Fine,1.4025,0.717171717172,0.729628339709
5,Fine,1.405,0.725436179982,0.724244719645
5,Fine,1.4075,0.730027548209,0.718865689875
5,Fine,1.41,0.739210284665,0.713496042094
5,Fine,1.4125,0.749311294766,0.708140524974
5,Fine,1.415,0.761248852158,0.702803809769
5,Fine,1.4175,0.766758494031,0.69749045768
5,Fine,1.42,0.775941230487,0.692204889428
5,Fine,1.4225,0.783287419651,0.686951357407
5,Fine,1.425,0.788797061524,0.681733920722
5,Fine,1.4275,0.795224977043,0.676556423342
5,Fine,1.43,0.799816345271,0.671422475504
5,Fine,1.4325,0.804407713499,0.666335438472
5,Fine,1.435,0.808999081726,0.661298412625
5,Fine,1.4375,0.819100091827,0.656314228842
5,Fine,1.44,0.823691460055,0.651385443068
5,Fine,1.4425,0.828282828283,0.646514333888
5,Fine,1.445,0.830119375574,0.641702902921
5,Fine,1.4475,0.834710743802,0.636952877802
5,Fine,1.45,0.838383838384,0.632265717493
5,Fine,1.4525,0.840220385675,0.627642619658
5,Fine,1.455,0.842056932966,0.623084529825
5,Fine,1.4575,0.845730027548,0.618592152063
5,Fine,1.46,0.845730027548,0.614165960896
5,Fine,1.4625,0.847566574839,0.610355305608
5,Fine,1.465,0.852157943067,0.60687677295
5,Fine,1.4675,0.854912764004,0.603429970228
5,Fine,1.47,0.860422405877,0.600014313933
5,Fine,1.4725,0.862258953168,0.59662925035
5,Fine,1.475,0.864095500459,0.593274252862
5,Fine,1.4775,0.86593204775,0.589948819497
5,Fine,1.48,0.867768595041,0.586652470686
5,Fine,1.4825,0.869605142332,0.583384747226
5,Fine,1.485,0.871441689623,0.580162298255
5,Fine,1.4875,0.87419651056,0.576972998643
5,Fine,1.49,0.87419651056,0.573812512433
5,Fine,1.4925,0.876033057851,0.570678412215
5,Fine,1.495,0.876033057851,0.567570149988
5,Fine,1.4975,0.877869605142,0.564487390812
5,Fine,1.5,0.879706152433,0.561433088378
5,Fine,1.5025,0.880624426079,0.558424321087
5,Fine,1.505,0.881542699725,0.555439693182
5,Fine,1.5075,0.88246097337,0.552478910125
5,Fine,1.51,0.88246097337,0.549541682212
5,Fine,1.5125,0.884297520661,0.546627724155
5,Fine,1.515,0.885215794307,0.543736754717
5,Fine,1.5175,0.885215794307,0.540868496398
5,Fine,1.52,0.885215794307,0.538022675157
5,Fine,1.5225,0.885215794307,0.535199020181
5,Fine,1.525,0.885215794307,0.532397263681
5,Fine,1.5275,0.886134067952,0.529617140724
5,Fine,1.53,0.886134067952,0.526858389093
5,Fine,1.5325,0.886134067952,0.524120749171
5,Fine,1.535,0.886134067952,0.521403963845
5,Fine,1.5375,0.885215794307,0.518707778435
5,Fine,1.54,0.885215794307,0.516031940631
5,Fine,1.5425,0.885215794307,0.513376200459
5,Fine,1.545,0.886134067952,0.510740310245
5,Fine,1.5475,0.886134067952,0.508142098648
5,Fine,1.55,0.885215794307,0.505568922959
5,Fine,1.5525,0.884297520661,0.503014490535
5,Fine,1.555,0.883379247016,0.500478564047
5,Fine,1.5575,0.883379247016,0.497960908531
5,Fine,1.56,0.881542699725,0.495461291416
5,Fine,1.5625,0.880624426079,0.492988745357
5,Fine,1.565,0.879706152433,0.490543063428
5,Fine,1.5675,0.877869605142,0.488114394313
5,Fine,1.57,0.876951331497,0.485702527791
5,Fine,1.5725,0.876951331497,0.483307255854
5,Fine,1.575,0.876951331497,0.480928372747
5,Fine,1.5775,0.876951331497,0.478565675007
5,Fine,1.58,0.876951331497,0.476218961499
5,Fine,1.5825,0.876951331497,0.473888033452
5,Fine,1.585,0.876951331497,0.471572694489
5,Fine,1.5875,0.876951331497,0.469290895202
5,Fine,1.59,0.876951331497,0.46703019352
5,Fine,1.5925,0.876951331497,0.464784035312
5,Fine,1.595,0.876951331497,0.462552238676
5,Fine,1.5975,0.876951331497,0.460334624379
5,Fine,1.6,0.876951331497,0.458131015855
5,Fine,1.6025,0.876951331497,0.455941239214
5,Fine,1.605,0.876033057851,0.453765123242
5,Fine,1.6075,0.876033057851,0.451602499399
5,Fine,1.61,0.876033057851,0.44946019461
5,Fine,1.6125,0.876033057851,0.447347408385
5,Fine,1.615,0.876033057851,0.445247129552
5,Fine,1.6175,0.876033057851,0.443159206966
5,Fine,1.62,0.875114784206,0.441083492198
5,Fine,1.6225,0.87419651056,0.439019839504
5,Fine,1.625,0.87419651056,0.436978564374
5,Fine,1.6275,0.87419651056,0.434955538067
5,Fine,1.63,0.873278236915,0.432943929489
5,Fine,1.6325,0.873278236915,0.430943610551
5,Fine,1.635,0.873278236915,0.428968235736
5,Fine,1.6375,0.873278236915,0.427012122367
5,Fine,1.64,0.873278236915,0.425066425602
5,Fine,1.6425,0.872359963269,0.423131035191
5,Fine,1.645,0.872359963269,0.421205843017
5,Fine,1.6475,0.872359963269,0.419290743052
5,Fine,1.65,0.872359963269,0.417397215627
5,Fine,1.6525,0.872359963269,0.415522589323
5,Fine,1.655,0.872359963269,0.413657264057
5,Fine,1.6575,0.872359963269,0.411801151248
5,Fine,1.66,0.870523415978,0.409954164128
5,Fine,1.6625,0.870523415978,0.408125903329
5,Fine,1.665,0.870523415978,0.406315971453
5,Fine,1.6675,0.869605142332,0.404514456008
5,Fine,1.67,0.868686868687,0.402721286632
5,Fine,1.6725,0.868686868687,0.400940951613
5,Fine,1.675,0.868686868687,0.399181716366
5,Fine,1.6775,0.866850321396,0.397430196873
5,Fine,1.68,0.866850321396,0.395686337806
5,Fine,1.6825,0.866850321396,0.393960861377
5,Fine,1.685,0.866850321396,0.392247545924
5,Fine,1.6875,0.866850321396,0.390550799147
5,Fine,1.69,0.866850321396,0.388868659454
5,Fine,1.6925,0.865013774105,0.387193356092
5,Fine,1.695,0.865013774105,0.385538260544
5,Fine,1.6975,0.864095500459,0.383889684176
5,Fine,1.7,0.863177226814,0.382253308975
5,Fine,1.7025,0.863177226814,0.380628539169
5,Fine,1.705,0.863177226814,0.379014473639
5,Fine,1.7075,0.862258953168,0.377410752771
5,Fine,1.71,0.862258953168,0.375818809602
5,Fine,1.7125,0.862258953168,0.374234994135
5,Fine,1.715,0.861340679522,0.372656740356
5,Fine,1.7175,0.860422405877,0.371084041053
5,Fine,1.72,0.860422405877,0.369516888947
5,Fine,1.7225,0.860422405877,0.367955276695
5,Fine,1.725,0.860422405877,0.366399196891
5,Fine,1.7275,0.858585858586,0.364862714611
5,Fine,1.73,0.85766758494,0.363334068442
5,Fine,1.7325,0.856749311295,0.361810745518
5,Fine,1.735,0.855831037649,0.360292741442
5,Fine,1.7375,0.854912764004,0.358780051646
5,Fine,1.74,0.854912764004,0.357272671394
5,Fine,1.7425,0.854912764004,0.355770595794
5,Fine,1.745,0.854912764004,0.354273819804
5,Fine,1.7475,0.854912764004,0.352782338235
5,Fine,1.75,0.854912764004,0.351296145761
5,Fine,1.7525,0.854912764004,0.349816630196
5,Fine,1.755,0.853994490358,0.348356255518
5,Fine,1.7575,0.853994490358,0.346900984268
5,Fine,1.76,0.853994490358,0.345450813053
5,Fine,1.7625,0.853076216713,0.344005738282
5,Fine,1.765,0.851239669421,0.342565756175
5,Fine,1.7675,0.851239669421,0.341130862769
5,Fine,1.77,0.850321395776,0.339701053929
5,Fine,1.7725,0.850321395776,0.338276325352
5,Fine,1.775,0.848484848485,0.336856672573
5,Fine,1.7775,0.847566574839,0.335442090977
5,Fine,1.78,0.846648301194,0.334043614893
5,Fine,1.7825,0.846648301194,0.332653112128
5,Fine,1.785,0.846648301194,0.331267513882
5,Fine,1.7875,0.845730027548,0.329886816808
5,Fine,1.79,0.843893480257,0.328511017373
5,Fine,1.7925,0.842056932966,0.327140111865
5,Fine,1.795,0.839302112029,0.3257740964
5,Fine,1.7975,0.837465564738,0.324412966927
5,Fine,1.8,0.835629017447,0.323056719235
5,Fine,1.8025,0.832874196511,0.321705348959
5,Fine,1.805,0.832874196511,0.32036857102
5,Fine,1.8075,0.832874196511,0.319039742921
5,Fine,1.81,0.832874196511,0.317715639945
5,Fine,1.8125,0.832874196511,0.31639625863
5,Fine,1.815,0.832874196511,0.31508159534
5,Fine,1.8175,0.831037649219,0.313771646274
5,Fine,1.82,0.831037649219,0.312466407467
5,Fine,1.8225,0.830119375574,0.311165874798
5,Fine,1.825,0.828282828283,0.309870043996
5,Fine,1.8275,0.828282828283,0.30857891064
5,Fine,1.83,0.828282828283,0.307301450383
5,Fine,1.8325,0.827364554637,0.306031354332
5,Fine,1.835,0.826446280992,0.30476581656
5,Fine,1.8375,0.826446280992,0.303504833308
5,Fine,1.84,0.826446280992,0.302248400658
5,Fine,1.8425,0.826446280992,0.300996514541
5,Fine,1.845,0.826446280992,0.299749170739
5,Fine,1.8475,0.824609733701,0.29850636489
5,Fine,1.85,0.82277318641,0.297268092491
5,Fine,1.8525,0.82277318641,0.296034348903
5,Fine,1.855,0.821854912764,0.29481071469
5,Fine,1.8575,0.820936639118,0.293596553375
5,Fine,1.86,0.820936639118,0.292386794039
5,Fine,1.8625,0.820936639118,0.291181432527
5,Fine,1.865,0.820018365473,0.289980464542
5,Fine,1.8675,0.818181818182,0.28878388565
5,Fine,1.87,0.818181818182,0.287591691279
5,Fine,1.8725,0.818181818182,0.286403876726
5,Fine,1.875,0.817263544536,0.28522043716
5,Fine,1.8775,0.8145087236,0.284041367624
5,Fine,1.88,0.8145087236,0.282866663036
5,Fine,1.8825,0.8145087236,0.281702779575
5,Fine,1.885,0.8145087236,0.280546161131
5,Fine,1.8875,0.8145087236,0.27939379286
5,Fine,1.89,0.8145087236,0.278245670026
5,Fine,1.8925,0.8145087236,0.277101787768
5,Fine,1.895,0.8145087236,0.275962141103
5,Fine,1.8975,0.813590449954,0.274826724925
5,Fine,1.9,0.813590449954,0.273695534015
5,Fine,1.9025,0.813590449954,0.272568563035
5,Fine,1.905,0.813590449954,0.271445806538
5,Fine,1.9075,0.813590449954,0.270327258961
5,Fine,1.91,0.812672176309,0.269212914639
5,Fine,1.9125,0.811753902663,0.268109439587
5,Fine,1.915,0.811753902663,0.267011695509
5,Fine,1.9175,0.810835629017,0.265918051183
5,Fine,1.92,0.809917355372,0.264828501175
5,Fine,1.9225,0.808999081726,0.263743039946
5,Fine,1.925,0.808999081726,0.262661661848
5,Fine,1.9275,0.808999081726,0.26158436113
5,Fine,1.93,0.808999081726,0.260511131938
5,Fine,1.9325,0.808080808081,0.259441968319
5,Fine,1.935,0.808080808081,0.25837686422
5,Fine,1.9375,0.808080808081,0.257315813492
5,Fine,1.94,0.807162534435,0.256258809891
5,Fine,1.9425,0.80624426079,0.255205847078
5,Fine,1.945,0.805325987144,0.25415956577
5,Fine,1.9475,0.805325987144,0.253121768179
5,Fine,1.95,0.804407713499,0.252087918015
5,Fine,1.9525,0.804407713499,0.251058009098
5,Fine,1.955,0.804407713499,0.250032035157
5,Fine,1.9575,0.803489439853,0.249009989829
5,Fine,1.96,0.803489439853,0.247991866666
5,Fine,1.9625,0.803489439853,0.246977659132
5,Fine,1.965,0.803489439853,0.245967360603
5,Fine,1.9675,0.802571166208,0.244960964377
5,Fine,1.97,0.802571166208,0.243958463664
5,Fine,1.9725,0.800734618916,0.242959851597
5,Fine,1.975,0.800734618916,0.241965121227
5,Fine,1.9775,0.800734618916,0.240974265528
5,Fine,1.98,0.800734618916,0.239987277398
5,Fine,1.9825,0.799816345271,0.239004149658
5,Fine,1.985,0.798898071625,0.238029323713
5,Fine,1.9875,0.798898071625,0.237059849972
5,Fine,1.99,0.798898071625,0.236094152523
5,Fine,1.9925,0.798898071625,0.235132224304
5,Fine,1.995,0.796143250689,0.234174058179
5,Fine,1.9975,0.796143250689,0.233219646942
5,Fine,2,0.796143250689,0.232268983317
6,Medium half-dt,0,0,0
6,Medium half-dt,0.005,0,0.000924359475686
6,Medium half-dt,0.01,0,0.00530405054042
6,Medium half-dt,0.015,0,0.0150443702808
6,Medium half-dt,0.02,0,0.0315907288946
6,Medium half-dt,0.025,0,0.0561496946406
6,Medium half-dt,0.03,0,0.0897735928272
6,Medium half-dt,0.035,0,0.133403308284
6,Medium half-dt,0.04,0,0.187893674411
6,Medium half-dt,0.045,0,0.254030091875
6,Medium half-dt,0.05,0,0.332539197565
6,Medium half-dt,0.055,0,0.401170107527
6,Medium half-dt,0.06,0,0.457259648492
6,Medium half-dt,0.065,0,0.506343608785
6,Medium half-dt,0.07,0,0.550632237053
6,Medium half-dt,0.075,0,0.591310233396
6,Medium half-dt,0.08,0,0.629117114332
6,Medium half-dt,0.085,0,0.66455711113
6,Medium half-dt,0.09,0,0.697994252539
6,Medium half-dt,0.095,0,0.729701885788
6,Medium half-dt,0.1,0,0.759890979369
6,Medium half-dt,0.105,0,0.788727335669
6,Medium half-dt,0.11,0,0.816342442096
6,Medium half-dt,0.115,0,0.842840350412
6,Medium half-dt,0.12,0,0.868301832574
6,Medium half-dt,0.125,0,0.892786431014
6,Medium half-dt,0.13,0,0.916332618701
6,Medium half-dt,0.135,0,0.93895597236
6,Medium half-dt,0.14,0,0.960644965537
6,Medium half-dt,0.145,0,0.98135366479
6,Medium half-dt,0.15,0,1.00099027128
6,Medium half-dt,0.155,0,1.01940025303
6,Medium half-dt,0.16,0,1.03634341742
6,Medium half-dt,0.165,0,1.05146758595
6,Medium half-dt,0.17,0,1.0642913822
6,Medium half-dt,0.175,0,1.07422760163
6,Medium half-dt,0.18,0,1.08069382636
6,Medium half-dt,0.185,0,1.08332601906
6,Medium half-dt,0.19,0.00206611570248,1.0822084812
6,Medium half-dt,0.195,0.00413223140496,1.07795463033
6,Medium half-dt,0.2,0.00619834710744,1.07155557412
6,Medium half-dt,0.205,0.00826446280992,1.06409019329
6,Medium half-dt,0.21,0.0144628099174,1.05646737137
6,Medium half-dt,0.215,0.0144628099174,1.04930527585
6,Medium half-dt,0.22,0.0206611570248,1.04294189325
6,Medium half-dt,0.225,0.0227272727273,1.03750948107
6,Medium half-dt,0.23,0.0289256198347,1.03301223518
6,Medium half-dt,0.235,0.0330578512397,1.02938290107
6,Medium half-dt,0.24,0.0330578512397,1.02652056114
6,Medium half-dt,0.245,0.0433884297521,1.02431636993
6,Medium half-dt,0.25,0.051652892562,1.02266885379
6,Medium half-dt,0.255,0.0537190082645,1.02148948159
6,Medium half-dt,0.26,0.0537190082645,1.02070229994
6,Medium half-dt,0.265,0.0661157024793,1.02024210382
6,Medium half-dt,0.27,0.0723140495868,1.02005320825
6,Medium half-dt,0.275,0.0785123966942,1.02008870274
6,Medium half-dt,0.28,0.0847107438017,1.02030955818
6,Medium half-dt,0.285,0.0888429752066,1.0206833564
6,Medium half-dt,0.29,0.099173553719,1.02118283443
6,Medium half-dt,0.295,0.107438016529,1.02178459638
6,Medium half-dt,0.3,0.113636363636,1.02246826966
6,Medium half-dt,0.305,0.121900826446,1.01462381361
6,Medium half-dt,0.31,0.134297520661,0.998940614978
6,Medium half-dt,0.315,0.140495867769,0.978891298728
6,Medium half-dt,0.32,0.152892561983,0.956240880567
6,Medium half-dt,0.325,0.157024793388,0.932169259097
6,Medium half-dt,0.33,0.163223140496,0.907577655137
6,Medium half-dt,0.335,0.175619834711,0.883205162128
6,Medium half-dt,0.34,0.183884297521,0.859682475362
6,Medium half-dt,0.345,0.192148760331,0.837560123352
6,Medium half-dt,0.35,0.20041322314,0.817549125861
6,Medium half-dt,0.355,0.206611570248,0.800051759653
6,Medium half-dt,0.36,0.221074380165,0.783780500752
6,Medium half-dt,0.365,0.227272727273,0.768539824599
6,Medium half-dt,0.37,0.23347107438,0.754252508603
6,Medium half-dt,0.375,0.239669421488,0.740576903777
6,Medium half-dt,0.38,0.247933884298,0.727444660666
6,Medium half-dt,0.385,0.252066115702,0.714803000011
6,Medium half-dt,0.39,0.262396694215,0.702610006594
6,Medium half-dt,0.395,0.264462809917,0.690831497142
6,Medium half-dt,0.4,0.270661157025,0.679562354784
6,Medium half-dt,0.405,0.278925619835,0.668964051348
6,Medium half-dt,0.41,0.29132231405,0.658667279019
6,Medium half-dt,0.415,0.301652892562,0.648656908841
6,Medium half-dt,0.42,0.305785123967,0.638919381998
6,Medium half-dt,0.425,0.314049586777,0.629442408592
6,Medium half-dt,0.43,0.318181818182,0.620214742211
6,Medium half-dt,0.435,0.324380165289,0.611226009088
6,Medium half-dt,0.44,0.326446280992,0.602466576847
6,Medium half-dt,0.445,0.330578512397,0.594003286068
6,Medium half-dt,0.45,0.330578512397,0.585967032679
6,Medium half-dt,0.455,0.332644628099,0.578112803842
6,Medium half-dt,0.46,0.332644628099,0.570434859197
6,Medium half-dt,0.465,0.334710743802,0.562927699121
6,Medium half-dt,0.47,0.338842975207,0.555586043598
6,Medium half-dt,0.475,0.340909090909,0.548404814529
6,Medium half-dt,0.48,0.340909090909,0.54137912076
6,Medium half-dt,0.485,0.340909090909,0.534683472299
6,Medium half-dt,0.49,0.342975206612,0.5282353779
6,Medium half-dt,0.495,0.342975206612,0.521913163345
6,Medium half-dt,0.5,0.342975206612,0.515713567961
6,Medium half-dt,0.505,0.342975206612,0.509633391729
6,Medium half-dt,0.51,0.342975206612,0.503669495683
6,Medium half-dt,0.515,0.345041322314,0.497818802354
6,Medium half-dt,0.52,0.345041322314,0.492131004519
6,Medium half-dt,0.525,0.345041322314,0.486677950137
6,Medium half-dt,0.53,0.345041322314,0.481319829558
6,Medium half-dt,0.535,0.345041322314,0.476054338597
6,Medium half-dt,0.54,0.342975206612,0.470879200083
6,Medium half-dt,0.545,0.342975206612,0.465792167228
6,Medium half-dt,0.55,0.342975206612,0.460918908348
6,Medium half-dt,0.555,0.342975206612,0.456212797399
6,Medium half-dt,0.56,0.342975206612,0.451578527255
6,Medium half-dt,0.565,0.342975206612,0.447014371936
6,Medium half-dt,0.57,0.342975206612,0.442599861512
6,Medium half-dt,0.575,0.342975206612,0.438313665832
6,Medium half-dt,0.58,0.340909090909,0.434086110788
6,Medium half-dt,0.585,0.340909090909,0.4299158342
6,Medium half-dt,0.59,0.340909090909,0.425976144022
6,Medium half-dt,0.595,0.340909090909,0.422141158418
6,Medium half-dt,0.6,0.340909090909,0.418410380673
6,Medium half-dt,0.605,0.340909090909,0.414812742346
6,Medium half-dt,0.61,0.340909090909,0.411421850266
6,Medium half-dt,0.615,0.340909090909,0.408057812018
6,Medium half-dt,0.62,0.340909090909,0.404719897913
6,Medium half-dt,0.625,0.338842975207,0.401407438192
6,Medium half-dt,0.63,0.338842975207,0.398119818354
6,Medium half-dt,0.635,0.330578512397,0.394856474902
6,Medium half-dt,0.64,0.330578512397,0.391616891463
6,Medium half-dt,0.645,0.330578512397,0.388400595252
6,Medium half-dt,0.65,0.330578512397,0.385207153831
6,Medium half-dt,0.655,0.330578512397,0.382036172136
6,Medium half-dt,0.66,0.328512396694,0.378887289741
6,Medium half-dt,0.665,0.326446280992,0.37576017833
6,Medium half-dt,0.67,0.326446280992,0.372654539358
6,Medium half-dt,0.675,0.326446280992,0.369570101867
6,Medium half-dt,0.68,0.324380165289,0.36650662046
6,Medium half-dt,0.685,0.320247933884,0.363463873393
6,Medium half-dt,0.69,0.320247933884,0.360441660794
6,Medium half-dt,0.695,0.320247933884,0.35743980298
6,Medium half-dt,0.7,0.320247933884,0.354458138871
6,Medium half-dt,0.705,0.318181818182,0.351496524493
6,Medium half-dt,0.71,0.316115702479,0.348554831563
6,Medium half-dt,0.715,0.314049586777,0.345632946141
6,Medium half-dt,0.72,0.314049586777,0.342730767363
6,Medium half-dt,0.725,0.314049586777,0.339848206233
6,Medium half-dt,0.73,0.311983471074,0.336985184481
6,Medium half-dt,0.735,0.309917355372,0.334141633484
6,Medium half-dt,0.74,0.309917355372,0.331317573174
6,Medium half-dt,0.745,0.309917355372,0.328530373329
6,Medium half-dt,0.75,0.309917355372,0.325762751899
6,Medium half-dt,0.755,0.305785123967,0.323014628533
6,Medium half-dt,0.76,0.303719008264,0.320285929113
6,Medium half-dt,0.765,0.303719008264,0.317576585142
6,Medium half-dt,0.77,0.303719008264,0.314886533168
6,Medium half-dt,0.775,0.301652892562,0.312215714222
6,Medium half-dt,0.78,0.301652892562,0.309564073293
6,Medium half-dt,0.785,0.29958677686,0.306931558819
6,Medium half-dt,0.79,0.297520661157,0.30431812221
6,Medium half-dt,0.795,0.295454545455,0.301723717394
6,Medium half-dt,0.8,0.295454545455,0.299148300389
6,Medium half-dt,0.805,0.293388429752,0.296591828901
6,Medium half-dt,0.81,0.293388429752,0.294054261945
6,Medium half-dt,0.815,0.293388429752,0.291535559495
6,Medium half-dt,0.82,0.293388429752,0.289035682153
6,Medium half-dt,0.825,0.293388429752,0.286554590844
6,Medium half-dt,0.83,0.293388429752,0.284092246533
6,Medium half-dt,0.835,0.293388429752,0.281648609969
6,Medium half-dt,0.84,0.293388429752,0.279223641441
6,Medium half-dt,0.845,0.293388429752,0.276817300568
6,Medium half-dt,0.85,0.293388429752,0.274429546094
6,Medium half-dt,0.855,0.29132231405,0.272060335718
6,Medium half-dt,0.86,0.29132231405,0.269709625928
6,Medium half-dt,0.865,0.289256198347,0.267377371861
6,Medium half-dt,0.87,0.287190082645,0.265063527179
6,Medium half-dt,0.875,0.287190082645,0.262768043959
6,Medium half-dt,0.88,0.287190082645,0.260490872596
6,Medium half-dt,0.885,0.287190082645,0.258231961724
6,Medium half-dt,0.89,0.287190082645,0.255991258149
6,Medium half-dt,0.895,0.287190082645,0.25376870679
6,Medium half-dt,0.9,0.28305785124,0.25156425064
6,Medium half-dt,0.905,0.280991735537,0.249377830729
6,Medium half-dt,0.91,0.280991735537,0.247209386099
6,Medium half-dt,0.915,0.278925619835,0.245064686606
6,Medium half-dt,0.92,0.276859504132,0.242946332691
6,Medium half-dt,0.925,0.27479338843,0.240845529316
6,Medium half-dt,0.93,0.272727272727,0.238762207459
6,Medium half-dt,0.935,0.272727272727,0.236696296601
6,Medium half-dt,0.94,0.272727272727,0.234647724706
6,Medium half-dt,0.945,0.272727272727,0.232616418214
6,Medium half-dt,0.95,0.272727272727,0.230602302029
6,Medium half-dt,0.955,0.272727272727,0.228605299524
6,Medium half-dt,0.96,0.272727272727,0.226625332546
6,Medium half-dt,0.965,0.270661157025,0.224662321425
6,Medium half-dt,0.97,0.270661157025,0.222716184997
6,Medium half-dt,0.975,0.270661157025,0.220786840614
6,Medium half-dt,0.98,0.270661157025,0.21887420418
6,Medium half-dt,0.985,0.270661157025,0.21697819017
6,Medium half-dt,0.99,0.268595041322,0.215098711664
6,Medium half-dt,0.995,0.268595041322,0.213235680383
6,Medium half-dt,1,0.268595041322,0.211389006725
6,Medium half-dt,1.005,0.26652892562,0.209571167806
6,Medium half-dt,1.01,0.26652892562,0.20783383866
6,Medium half-dt,1.015,0.264462809917,0.20624383206
6,Medium half-dt,1.02,0.264462809917,0.204877021178
6,Medium half-dt,1.025,0.264462809917,0.203915675566
6,Medium half-dt,1.03,0.262396694215,0.203753719231
6,Medium half-dt,1.035,0.262396694215,0.215260235428
6,Medium half-dt,1.04,0.260330578512,0.231540497208
6,Medium half-dt,1.045,0.260330578512,0.251806901186
6,Medium half-dt,1.05,0.260330578512,0.276390159463
6,Medium half-dt,1.055,0.260330578512,0.298208870552
6,Medium half-dt,1.06,0.260330578512,0.316418252906
6,Medium half-dt,1.065,0.260330578512,0.332807276868
6,Medium half-dt,1.07,0.254132231405,0.348083601466
6,Medium half-dt,1.075,0.25,0.362614348921
6,Medium half-dt,1.08,0.25,0.376616762628
6,Medium half-dt,1.085,0.25,0.390229118952
6,Medium half-dt,1.09,0.245867768595,0.40354372697
6,Medium half-dt,1.095,0.243801652893,0.418120841082
6,Medium half-dt,1.1,0.237603305785,0.434628938293
6,Medium half-dt,1.105,0.237603305785,0.450827012462
6,Medium half-dt,1.11,0.237603305785,0.466821520525
6,Medium half-dt,1.115,0.237603305785,0.482530078557
6,Medium half-dt,1.12,0.235537190083,0.497966651925
6,Medium half-dt,1.125,0.235537190083,0.513143378933
6,Medium half-dt,1.13,0.235537190083,0.528070700311
6,Medium half-dt,1.135,0.235537190083,0.542757346206
6,Medium half-dt,1.14,0.235537190083,0.557210209666
6,Medium half-dt,1.145,0.235537190083,0.571434126083
6,Medium half-dt,1.15,0.235537190083,0.585431569276
6,Medium half-dt,1.155,0.24173553719,0.599202267744
6,Medium half-dt,1.16,0.24173553719,0.612742740161
6,Medium half-dt,1.165,0.239669421488,0.626045748034
6,Medium half-dt,1.17,0.243801652893,0.639099666573
6,Medium half-dt,1.175,0.243801652893,0.651887783457
6,Medium half-dt,1.18,0.243801652893,0.66438755135
6,Medium half-dt,1.185,0.24173553719,0.676569846295
6,Medium half-dt,1.19,0.243801652893,0.689322503263
6,Medium half-dt,1.195,0.25,0.701884529387
6,Medium half-dt,1.2,0.252066115702,0.714222340652
6,Medium half-dt,1.205,0.262396694215,0.72644452356
6,Medium half-dt,1.21,0.264462809917,0.738319934345
6,Medium half-dt,1.215,0.268595041322,0.749781108353
6,Medium half-dt,1.22,0.27479338843,0.761286735736
6,Medium half-dt,1.225,0.27479338843,0.773518312978
6,Medium half-dt,1.23,0.287190082645,0.785352006093
6,Medium half-dt,1.235,0.289256198347,0.796687716225
6,Medium half-dt,1.24,0.295454545455,0.807408334151
6,Medium half-dt,1.245,0.301652892562,0.819298372808
6,Medium half-dt,1.25,0.318181818182,0.83145267931
6,Medium half-dt,1.255,0.322314049587,0.842979758148
6,Medium half-dt,1.26,0.328512396694,0.853710320768
6,Medium half-dt,1.265,0.342975206612,0.865322523084
6,Medium half-dt,1.27,0.351239669421,0.87772569021
6,Medium half-dt,1.275,0.357438016529,0.88926737838
6,Medium half-dt,1.28,0.373966942149,0.899713481554
6,Medium half-dt,1.285,0.388429752066,0.912700535162
6,Medium half-dt,1.29,0.402892561983,0.925046461668
6,Medium half-dt,1.295,0.411157024793,0.936145018223
6,Medium half-dt,1.3,0.425619834711,0.948706014233
6,Medium half-dt,1.305,0.444214876033,0.957261539432
6,Medium half-dt,1.31,0.456611570248,0.958083625162
6,Medium half-dt,1.315,0.47520661157,0.955490324093
6,Medium half-dt,1.32,0.489669421488,0.948389214447
6,Medium half-dt,1.325,0.504132231405,0.936807958649
6,Medium half-dt,1.33,0.526859504132,0.924713518949
6,Medium half-dt,1.335,0.535123966942,0.909640729087
6,Medium half-dt,1.34,0.553719008264,0.893256496613
6,Medium half-dt,1.345,0.568181818182,0.877648479403
6,Medium half-dt,1.35,0.584710743802,0.861538148397
6,Medium half-dt,1.355,0.601239669421,0.846036130723
6,Medium half-dt,1.36,0.617768595041,0.83228457537
6,Medium half-dt,1.365,0.636363636364,0.818843567364
6,Medium half-dt,1.37,0.648760330579,0.805694914586
6,Medium half-dt,1.375,0.665289256198,0.792993004333
6,Medium half-dt,1.38,0.679752066116,0.781013331369
6,Medium half-dt,1.385,0.694214876033,0.769893235919
6,Medium half-dt,1.39,0.712809917355,0.758716965279
6,Medium half-dt,1.395,0.729338842975,0.747467760707
6,Medium half-dt,1.4,0.745867768595,0.736189763995
6,Medium half-dt,1.405,0.756198347107,0.72492848221
6,Medium half-dt,1.41,0.776859504132,0.713729286443
6,Medium half-dt,1.415,0.79132231405,0.70263596657
6,Medium half-dt,1.42,0.801652892562,0.691689435888
6,Medium half-dt,1.425,0.809917355372,0.680926658391
6,Medium half-dt,1.43,0.822314049587,0.670379844715
6,Medium half-dt,1.435,0.824380165289,0.660075935102
6,Medium half-dt,1.44,0.828512396694,0.650036362544
6,Medium half-dt,1.445,0.838842975207,0.640277069311
6,Medium half-dt,1.45,0.849173553719,0.630808736356
6,Medium half-dt,1.455,0.853305785124,0.623125593492
6,Medium half-dt,1.46,0.859504132231,0.615909531549
6,Medium half-dt,1.465,0.861570247934,0.608830478057
6,Medium half-dt,1.47,0.865702479339,0.601883024478
6,Medium half-dt,1.475,0.873966942149,0.595127253313
6,Medium half-dt,1.48,0.878099173554,0.588514767842
6,Medium half-dt,1.485,0.878099173554,0.582014953958
6,Medium half-dt,1.49,0.880165289256,0.575624685641
6,Medium half-dt,1.495,0.880165289256,0.56934101525
6,Medium half-dt,1.5,0.882231404959,0.563161142637
6,Medium half-dt,1.505,0.882231404959,0.557082390304
6,Medium half-dt,1.51,0.884297520661,0.551105906424
6,Medium half-dt,1.515,0.884297520661,0.545297639858
6,Medium half-dt,1.52,0.886363636364,0.539580698389
6,Medium half-dt,1.525,0.886363636364,0.533952770509
6,Medium half-dt,1.53,0.886363636364,0.528411596137
6,Medium half-dt,1.535,0.886363636364,0.522954963828
6,Medium half-dt,1.54,0.886363636364,0.517580709137
6,Medium half-dt,1.545,0.886363636364,0.512286713823
6,Medium half-dt,1.55,0.886363636364,0.507070905643
6,Medium half-dt,1.555,0.886363636364,0.501931258554
6,Medium half-dt,1.56,0.886363636364,0.49686579315
6,Medium half-dt,1.565,0.886363636364,0.491904337579
6,Medium half-dt,1.57,0.886363636364,0.487038856076
6,Medium half-dt,1.575,0.886363636364,0.482248684256
6,Medium half-dt,1.58,0.886363636364,0.477579269528
6,Medium half-dt,1.585,0.886363636364,0.472983154222
6,Medium half-dt,1.59,0.884297520661,0.468445534533
6,Medium half-dt,1.595,0.884297520661,0.463964959663
6,Medium half-dt,1.6,0.884297520661,0.45954002547
6,Medium half-dt,1.605,0.884297520661,0.45516937392
6,Medium half-dt,1.61,0.884297520661,0.450868786448
6,Medium half-dt,1.615,0.884297520661,0.446673466493
6,Medium half-dt,1.62,0.884297520661,0.442525307055
6,Medium half-dt,1.625,0.882231404959,0.43842324027
6,Medium half-dt,1.63,0.882231404959,0.434366240039
6,Medium half-dt,1.635,0.880165289256,0.430371571472
6,Medium half-dt,1.64,0.878099173554,0.42646459685
6,Medium half-dt,1.645,0.878099173554,0.422596721167
6,Medium half-dt,1.65,0.878099173554,0.418767198577
6,Medium half-dt,1.655,0.878099173554,0.415002709011
6,Medium half-dt,1.66,0.876033057851,0.411301551994
6,Medium half-dt,1.665,0.873966942149,0.407684727064
6,Medium half-dt,1.67,0.873966942149,0.404103213636
6,Medium half-dt,1.675,0.873966942149,0.400565812141
6,Medium half-dt,1.68,0.871900826446,0.397090891911
6,Medium half-dt,1.685,0.871900826446,0.393645089627
6,Medium half-dt,1.69,0.871900826446,0.390261127353
6,Medium half-dt,1.695,0.867768595041,0.386912188871
6,Medium half-dt,1.7,0.865702479339,0.383607470166
6,Medium half-dt,1.705,0.857438016529,0.380334490756
6,Medium half-dt,1.71,0.857438016529,0.377084809424
6,Medium half-dt,1.715,0.857438016529,0.373858382115
6,Medium half-dt,1.72,0.857438016529,0.370655161047
6,Medium half-dt,1.725,0.855371900826,0.367510043495
6,Medium half-dt,1.73,0.855371900826,0.364401355182
6,Medium half-dt,1.735,0.855371900826,0.361314512754
6,Medium half-dt,1.74,0.855371900826,0.358249498571
6,Medium half-dt,1.745,0.853305785124,0.355206289689
6,Medium half-dt,1.75,0.853305785124,0.352184858273
6,Medium half-dt,1.755,0.853305785124,0.34918517199
6,Medium half-dt,1.76,0.849173553719,0.346207194376
6,Medium half-dt,1.765,0.849173553719,0.343250885173
6,Medium half-dt,1.77,0.849173553719,0.340357817363
6,Medium half-dt,1.775,0.849173553719,0.337486107887
6,Medium half-dt,1.78,0.849173553719,0.334634954452
6,Medium half-dt,1.785,0.849173553719,0.331804330549
6,Medium half-dt,1.79,0.847107438017,0.328994205533
6,Medium half-dt,1.795,0.847107438017,0.326204544927
6,Medium half-dt,1.8,0.842975206612,0.323435310705
6,Medium half-dt,1.805,0.838842975207,0.320686461549
6,Medium half-dt,1.81,0.836776859504,0.317975697843
6,Medium half-dt,1.815,0.836776859504,0.315303378781
6,Medium half-dt,1.82,0.836776859504,0.312650482631
6,Medium half-dt,1.825,0.836776859504,0.310016975313
6,Medium half-dt,1.83,0.836776859504,0.307402819454
6,Medium half-dt,1.835,0.836776859504,0.304807974598
6,Medium half-dt,1.84,0.836776859504,0.302232397398
6,Medium half-dt,1.845,0.834710743802,0.299676041801
6,Medium half-dt,1.85,0.834710743802,0.297138859207
6,Medium half-dt,1.855,0.834710743802,0.294647548296
6,Medium half-dt,1.86,0.834710743802,0.292178588339
6,Medium half-dt,1.865,0.832644628099,0.28972796814
6,Medium half-dt,1.87,0.832644628099,0.287295642969
6,Medium half-dt,1.875,0.830578512397,0.284881565642
6,Medium half-dt,1.88,0.830578512397,0.282485686651
6,Medium half-dt,1.885,0.830578512397,0.280107954289
6,Medium half-dt,1.89,0.828512396694,0.277748314764
6,Medium half-dt,1.895,0.828512396694,0.275406712302
6,Medium half-dt,1.9,0.828512396694,0.273099432944
6,Medium half-dt,1.905,0.826446280992,0.270818620319
6,Medium half-dt,1.91,0.826446280992,0.26855511811
6,Medium half-dt,1.915,0.826446280992,0.266308872649
6,Medium half-dt,1.92,0.826446280992,0.264079828422
6,Medium half-dt,1.925,0.826446280992,0.261867928149
6,Medium half-dt,1.93,0.824380165289,0.259673112869
6,Medium half-dt,1.935,0.820247933884,0.25749532202
6,Medium half-dt,1.94,0.820247933884,0.255334493506
6,Medium half-dt,1.945,0.818181818182,0.253190563766
6,Medium half-dt,1.95,0.816115702479,0.251065588556
6,Medium half-dt,1.955,0.816115702479,0.248975330772
6,Medium half-dt,1.96,0.816115702479,0.246901336701
6,Medium half-dt,1.965,0.816115702479,0.244843544074
6,Medium half-dt,1.97,0.816115702479,0.242801889309
6,Medium half-dt,1.975,0.816115702479,0.24077630757
6,Medium half-dt,1.98,0.814049586777,0.238766732818
6,Medium half-dt,1.985,0.814049586777,0.236773097871
6,Medium half-dt,1.99,0.814049586777,0.234795334447
6,Medium half-dt,1.995,0.811983471074,0.232833373222
6,Medium half-dt,2,0.811983471074,0.23088714387
