time,nominal_roi_phase,joule_off_roi_phase,nominal_roi_temperature_max,joule_off_roi_temperature_max
0,0,0,0,0
0.005,0,0,0.00111482812983,5.85793105707e-05
0.01,0,0,0.00584655624687,0.000114960959423
0.015,0,0,0.0160396226476,0.000169331794192
0.02,0,0,0.033117841922,0.00022185383376
0.025,0,0,0.0582753660468,0.000272662679655
0.03,0,0,0.0925560163595,0.000321870377795
0.035,0,0,0.136894405494,0.000369569782871
0.04,0,0,0.192140582624,0.00041583873651
0.045,0,0,0.25907624013,0.000460743500523
0.05,0,0,0.338424794825,0.000504341405544
0.055,0,0,0.405196066683,0.000546682842966
0.06,0,0,0.460590899222,0.000587812751828
0.065,0,0,0.509256792461,0.000627771730496
0.07,0,0,0.553246953474,0.000666596873033
0.075,0,0,0.59369474716,0.000704322403866
0.08,0,0,0.631315570495,0.000740980164126
0.085,0,0,0.666600129308,0.000776599988161
0.09,0,0,0.699904007649,0.0008112099981
0.095,0,0,0.731494830454,0.000844836836746
0.1,0,0,0.761579383572,0.000877505853634
0.105,0,0,0.790320148266,0.000909241255243
0.11,0,0,0.817845703932,0.000940066227507
0.115,0,0,0.844257251888,0.00097015408781
0.12,0,0,0.869632422741,0.000999396243155
0.125,0,0,0.89402691391,0.0010277832263
0.13,0,0,0.917474097152,0.00105533492898
0.135,0,0,0.939982403288,0.00108207067478
0.14,0,0,0.96152996512,0.00110800924576
0.145,0,0,0.982055649813,0.00113316890666
0.15,0,0,1.00144529715,0.00115756742696
0.155,0,0,1.01951203212,0.00118122210126
0.16,0,0,1.03597105504,0.00120414976815
0.165,0,0,1.05041514935,0.00122636682776
0.17,0,0,1.06231137588,0.00124788925816
0.175,0,0,1.07105960592,0.0012687326308
0.18,0,0,1.07615256605,0.00128891212499
0.185,0,0,1.07741018319,0.00130844254158
0.19,0.00206611570248,0,1.07515370287,0.00132733831595
0.195,0.00413223140496,0,1.07017704442,0.00134561353022
0.2,0.00826446280992,0,1.0635187362,0.00136328192495
0.205,0.0103305785124,0,1.05617931132,0.00138035691017
0.21,0.0144628099174,0,1.04892985321,0.00139685157598
0.215,0.0165289256198,0,1.0422585923,0.00141277870255
0.22,0.0227272727273,0,1.03641359814,0.00142815076977
0.225,0.0268595041322,0,1.03147651097,0.00144297996638
0.23,0.0309917355372,0,1.027427182,0.00145727819873
0.235,0.0330578512397,0,1.02419001711,0.00147105709924
0.24,0.0392561983471,0,1.02166619299,0.00148432803438
0.245,0.0433884297521,0,1.01975467794,0.00149710211239
0.25,0.051652892562,0,1.01836281507,0.00150939019073
0.255,0.0537190082645,0,1.01740917734,0.00152120288313
0.26,0.0578512396694,0,1.01682305047,0.00153255056646
0.265,0.0661157024793,0,1.01654350957,0.00154344338728
0.27,0.0743801652893,0,1.01651875916,0.00155389126819
0.275,0.0805785123967,0,1.01670536479,0.00156390391388
0.28,0.0888429752066,0,1.01706711898,0.00157349081705
0.285,0.0929752066116,0,1.01757366134,0.00158266126399
0.29,0.105371900826,0,1.01819915437,0.00159142434012
0.295,0.109504132231,0,1.01892128533,0.00159978893521
0.3,0.113636363636,0,1.01972069966,0.00160776374845
0.305,0.126033057851,0,1.01097459662,0.0016153572934
0.31,0.134297520661,0,0.994921725154,0.00162257790272
0.315,0.142561983471,0,0.97464459464,0.00162943373276
0.32,0.154958677686,0,0.951845002304,0.00163593276797
0.325,0.159090909091,0,0.927687684233,0.00164208282527
0.33,0.167355371901,0,0.903069222564,0.00164789155814
0.335,0.181818181818,0,0.878726477544,0.00165336646065
0.34,0.185950413223,0,0.855288175337,0.00165851487142
0.345,0.196280991736,0,0.833302706201,0.00166334397732
0.35,0.20041322314,0,0.813459950758,0.00166786081721
0.355,0.212809917355,0,0.796116191541,0.00167207228544
0.36,0.221074380165,0,0.779972814004,0.0016759851353
0.365,0.229338842975,0,0.764826506387,0.00167960598239
0.37,0.237603305785,0,0.750667919853,0.00168294130784
0.375,0.24173553719,0,0.737117826896,0.00168599746147
0.38,0.25,0,0.724108586566,0.00168878066484
0.385,0.25826446281,0,0.711587461168,0.00169129701421
0.39,0.262396694215,0,0.699512324479,0.00169355248344
0.395,0.264462809917,0,0.687848720996,0.00169555292678
0.4,0.276859504132,0,0.676588293026,0.00169730409526
0.405,0.287190082645,0,0.666094571739,0.00169881160942
0.41,0.289256198347,0,0.655899678158,0.00170008096642
0.415,0.295454545455,0,0.645988338308,0.00170111756877
0.42,0.305785123967,0,0.636346893118,0.0017019267122
0.425,0.307851239669,0,0.626962992627,0.00170251358806
0.43,0.316115702479,0,0.61782536457,0.00170288328557
0.435,0.322314049587,0,0.608923637419,0.00170304079409
0.44,0.326446280992,0,0.600248203473,0.0017029910053
0.445,0.328512396694,0,0.591790111609,0.00170273871532
0.45,0.330578512397,0,0.583810078205,0.00170228862675
0.455,0.330578512397,0,0.576032104281,0.00170164535071
0.46,0.332644628099,0,0.56842784996,0.00170081340877
0.465,0.334710743802,0,0.560991861715,0.00169979723486
0.47,0.336776859504,0,0.553718912005,0.00169860117714
0.475,0.338842975207,0,0.546603980195,0.00169722949977
0.48,0.340909090909,0,0.539680964141,0.00169568638469
0.485,0.340909090909,0,0.532974152746,0.00169397593336
0.49,0.340909090909,0,0.526585257313,0.00169210216836
0.495,0.342975206612,0,0.52032019614,0.00169006903509
0.5,0.342975206612,0,0.514175767846,0.00168788040331
0.505,0.342975206612,0,0.508148833157,0.00168554006869
0.51,0.342975206612,0,0.502236314898,0.00168305175436
0.515,0.342975206612,0,0.496435198061,0.00168041911231
0.52,0.342975206612,0,0.490743863648,0.0016776457249
0.525,0.342975206612,0,0.485337995036,0.00167473510619
0.53,0.342975206612,0,0.480025480626,0.00167169070335
0.535,0.342975206612,0,0.474804075384,0.00166851589798
0.54,0.345041322314,0,0.469671560818,0.0016652140074
0.545,0.342975206612,0,0.464625748043,0.00166180627848
0.55,0.342975206612,0,0.459800289628,0.00165828990449
0.555,0.342975206612,0,0.455131948399,0.0016546553465
0.56,0.342975206612,0,0.450534313157,0.00165090567613
0.565,0.342975206612,0,0.446005705641,0.00164704390749
0.57,0.342975206612,0,0.441608240756,0.00164307299831
0.575,0.342975206612,0,0.437356160871,0.00163899585095
0.58,0.342975206612,0,0.433161835218,0.00163481531348
0.585,0.342975206612,0,0.429064451615,0.00163053418068
0.59,0.340909090909,0,0.425156612561,0.00162615519502
0.595,0.338842975207,0,0.421360212501,0.00162168104763
0.6,0.338842975207,0,0.41765817027,0.00161711437926
0.605,0.338842975207,0,0.414198630855,0.0016124577812
0.61,0.338842975207,0,0.410829720603,0.0016077137962
0.615,0.338842975207,0,0.407487424399,0.0016028849193
0.62,0.338842975207,0,0.404171003631,0.0015979735988
0.625,0.338842975207,0,0.400879779492,0.00159298223699
0.63,0.336776859504,0,0.397613128526,0.00158791319108
0.635,0.336776859504,0,0.39437047855,0.00158276877395
0.64,0.332644628099,0,0.391151304915,0.001577551255
0.645,0.332644628099,0,0.387955127076,0.00157226286087
0.65,0.328512396694,0,0.384781505426,0.00156690577624
0.655,0.328512396694,0,0.381630038384,0.00156148214458
0.66,0.328512396694,0,0.378500359689,0.00155599406886
0.665,0.328512396694,0,0.375392135888,0.00155044361229
0.67,0.328512396694,0,0.372305064012,0.00154483279903
0.675,0.326446280992,0,0.369238869389,0.00153916361482
0.68,0.324380165289,0,0.366193303579,0.00153343800773
0.685,0.322314049587,0,0.36316814246,0.00152765788879
0.69,0.322314049587,0,0.360163184413,0.00152182513263
0.695,0.320247933884,0,0.357178248609,0.00151594157812
0.7,0.320247933884,0,0.35421317339,0.00151000902899
0.705,0.320247933884,0,0.351267814733,0.00150402925448
0.71,0.316115702479,0,0.348342044795,0.00149800398987
0.715,0.314049586777,0,0.345435750533,0.00149193493713
0.72,0.311983471074,0,0.342548832394,0.00148582376545
0.725,0.309917355372,0,0.339681203075,0.00147967211186
0.73,0.309917355372,0,0.336834480035,0.00147348158171
0.735,0.307851239669,0,0.334024062763,0.00146725374929
0.74,0.307851239669,0,0.331233000211,0.00146099015832
0.745,0.307851239669,0,0.32846120132,0.00145469232247
0.75,0.307851239669,0,0.325708582945,0.00144836172592
0.755,0.307851239669,0,0.322975069156,0.0014419998238
0.76,0.305785123967,0,0.320260590562,0.00143560804275
0.765,0.305785123967,0,0.317565083668,0.00142918778135
0.77,0.303719008264,0,0.314888490258,0.00142274041063
0.775,0.29958677686,0,0.312230756801,0.00141626727455
0.78,0.29958677686,0,0.309591833897,0.00140976969043
0.785,0.297520661157,0,0.306971675741,0.00140324894941
0.79,0.295454545455,0,0.304370239616,0.00139670631692
0.795,0.295454545455,0,0.301787485417,0.00139014303306
0.8,0.295454545455,0,0.299223375202,0.00138356031311
0.805,0.293388429752,0,0.296677872768,0.00137695934788
0.81,0.293388429752,0,0.294150943258,0.00137034130414
0.815,0.293388429752,0,0.291642552786,0.00136370732505
0.82,0.293388429752,0,0.289152668099,0.00135705853056
0.825,0.293388429752,0,0.286681256255,0.00135039601776
0.83,0.293388429752,0,0.284228284327,0.00134372086129
0.835,0.29132231405,0,0.281793719138,0.00133703411376
0.84,0.29132231405,0,0.279377527008,0.00133033680604
0.845,0.29132231405,0,0.276979673529,0.0013236299477
0.85,0.289256198347,0,0.274600123363,0.00131691452732
0.855,0.289256198347,0,0.272238840055,0.00131019151288
0.86,0.289256198347,0,0.269895785865,0.00130346185208
0.865,0.289256198347,0,0.267570921626,0.00129672647269
0.87,0.289256198347,0,0.265264206613,0.00128998628291
0.875,0.285123966942,0,0.262975598426,0.00128324217165
0.88,0.28305785124,0,0.260705052894,0.0012764950089
0.885,0.28305785124,0,0.258452523996,0.00126974564603
0.89,0.28305785124,0,0.256217963783,0.00126299491612
0.895,0.28305785124,0,0.254007357022,0.00125624363424
0.9,0.28305785124,0,0.251824073855,0.00124949259777
0.905,0.280991735537,0,0.249658349459,0.00124274258672
0.91,0.278925619835,0,0.247510126359,0.00123599436398
0.915,0.276859504132,0,0.245379345612,0.00122924867565
0.92,0.27479338843,0,0.243265946756,0.00122250625128
0.925,0.27479338843,0,0.241169867761,0.00121576780422
0.93,0.27479338843,0,0.239091045001,0.0012090340318
0.935,0.27479338843,0,0.237029413222,0.0012023056157
0.94,0.272727272727,0,0.234984905529,0.00119558322214
0.945,0.272727272727,0,0.232957453368,0.00118886750218
0.95,0.270661157025,0,0.230946986531,0.00118215909195
0.955,0.270661157025,0,0.22895343315,0.00117545861296
0.96,0.270661157025,0,0.22697671971,0.00116876667228
0.965,0.270661157025,0,0.22501677106,0.00116208386282
0.97,0.268595041322,0,0.223073510434,0.00115541076359
0.975,0.268595041322,0,0.22114685947,0.00114874793989
0.98,0.268595041322,0,0.219236738241,0.00114209594358
0.985,0.268595041322,0,0.217343065281,0.00113545531331
0.99,0.268595041322,0,0.215465757623,0.00112882657472
0.995,0.264462809917,0,0.213604730832,0.0011222102407
1,0.264462809917,0,0.211759899046,0.00111560681157
1.005,0.264462809917,0,0.209948377517,0.00110901677533
1.01,0.262396694215,0,0.208226032601,0.00110244060786
1.015,0.262396694215,0,0.20666131328,0.0010958787731
1.02,0.262396694215,0,0.205331448317,0.00108933172331
1.025,0.262396694215,0,0.204395692676,0.00108279989924
1.03,0.262396694215,0,0.204285065658,0.00107628373033
1.035,0.260330578512,0,0.217046912535,0.00106978363492
1.04,0.260330578512,0,0.233790946077,0.00106330002042
1.045,0.256198347107,0,0.254587928643,0.00105683328352
1.05,0.256198347107,0,0.279772305953,0.00105038381039
1.055,0.252066115702,0,0.30129027042,0.00104395197681
1.06,0.252066115702,0,0.319536171952,0.00103753814843
1.065,0.25,0,0.336021738555,0.00103114268087
1.07,0.25,0,0.351406858442,0.00102476591994
1.075,0.247933884298,0,0.366044532575,0.00101840820182
1.08,0.243801652893,0,0.380146903375,0.00101206985321
1.085,0.243801652893,0,0.393850656144,0.00100575119148
1.09,0.243801652893,0,0.407248050184,0.000999452524888
1.095,0.243801652893,0,0.420424810987,0.000993174152691
1.1,0.239669421488,0,0.436941061396,0.000986916365336
1.105,0.235537190083,0,0.453206077431,0.000980679444602
1.11,0.23347107438,0,0.469169863343,0.000974463663763
1.115,0.23347107438,0,0.484848140255,0.000968269287735
1.12,0.231404958678,0,0.500254511294,0.00096209657323
1.125,0.231404958678,0,0.515400722373,0.000955945768903
1.13,0.229338842975,0,0.530296749467,0.000949817115494
1.135,0.229338842975,0,0.544950748709,0.000943710845976
1.14,0.229338842975,0,0.559368896033,0.000937627185694
1.145,0.235537190083,0,0.573555133589,0.000931566352504
1.15,0.235537190083,0,0.587510831946,0.000925528556908
1.155,0.23347107438,0,0.601234370114,0.00091951400219
1.16,0.23347107438,0,0.614720634339,0.00091352288455
1.165,0.237603305785,0,0.627960434274,0.00090755539323
1.17,0.235537190083,0,0.640939843152,0.000901611710646
1.175,0.23347107438,0,0.653639479785,0.000895692012514
1.18,0.235537190083,0,0.666033771471,0.00088979646797
1.185,0.237603305785,0,0.678312492736,0.000883925239699
1.19,0.239669421488,0,0.691031073782,0.000878078484052
1.195,0.243801652893,0,0.703649440501,0.000872256351161
1.2,0.25,0,0.716051562724,0.000866458985063
1.205,0.256198347107,0,0.728131681278,0.00086068652381
1.21,0.256198347107,0,0.739828474445,0.000854939099582
1.215,0.262396694215,0,0.751068146431,0.000849216838803
1.22,0.268595041322,0,0.76290752213,0.000843519862242
1.225,0.278925619835,0,0.774953358784,0.00083784828513
1.23,0.28305785124,0,0.786547447433,0.00083220221726
1.235,0.289256198347,0,0.797604711129,0.000826581763094
1.24,0.293388429752,0,0.808428969171,0.000820987021865
1.245,0.305785123967,0,0.820812347671,0.000815418087679
1.25,0.314049586777,0,0.832632264671,0.000809875049614
1.255,0.320247933884,0,0.843728058225,0.000804357991817
1.26,0.326446280992,0,0.854146924192,0.000798866993603
1.265,0.342975206612,0,0.866825894071,0.000793402129547
1.27,0.349173553719,0,0.878725124245,0.00078796346958
1.275,0.355371900826,0,0.889616639136,0.000782551079079
1.28,0.373966942149,0,0.901258522395,0.00077716501896
1.285,0.382231404959,0,0.913955876905,0.000771805345763
1.29,0.402892561983,0,0.925499805855,0.000766472111744
1.295,0.413223140496,0,0.93676023383,0.00076116536496
1.3,0.429752066116,0,0.950188251267,0.00075588514935
1.305,0.440082644628,0,0.9568976769,0.000750631504824
1.31,0.456611570248,0,0.957192149291,0.000745404467344
1.315,0.477272727273,0,0.954226183783,0.000740204069002
1.32,0.487603305785,0,0.945760027887,0.000735030338102
1.325,0.50826446281,0,0.935343731108,0.000729883299236
1.33,0.518595041322,0,0.922173601043,0.000724762973367
1.335,0.537190082645,0,0.906240859011,0.000719669377896
1.34,0.553719008264,0,0.890506361037,0.000714602526743
1.345,0.568181818182,0,0.874319633808,0.00070956243042
1.35,0.584710743802,0,0.857827083459,0.000704549096099
1.355,0.601239669421,0,0.843010631421,0.000699562527688
1.36,0.623966942149,0,0.828775501755,0.000694602725898
1.365,0.638429752066,0,0.81507650837,0.000689669688311
1.37,0.654958677686,0,0.801639449736,0.00068476340945
1.375,0.673553719008,0,0.788751519408,0.000679883880846
1.38,0.688016528926,0,0.77679180334,0.0006750310911
1.385,0.70041322314,0,0.765615030681,0.00067020502595
1.39,0.706611570248,0,0.75434019478,0.000665405668334
1.395,0.735537190083,0,0.743012115399,0.000660632998452
1.4,0.747933884298,0,0.731677846381,0.000655886993827
1.405,0.768595041322,0,0.720384916456,0.000651167629365
1.41,0.785123966942,0,0.709179749472,0.000646474877415
1.415,0.799586776859,0,0.698106216588,0.000641808707829
1.42,0.807851239669,0,0.687204406923,0.000637169088015
1.425,0.820247933884,0,0.676509675293,0.000632555982997
1.43,0.826446280992,0,0.666051995265,0.000627969355467
1.435,0.845041322314,0,0.655855617308,0.000623409165846
1.44,0.847107438017,0,0.64593900834,0.00061887537233
1.445,0.855371900826,0,0.636884620375,0.000614367930947
1.45,0.859504132231,0,0.629422328532,0.000609886795607
1.455,0.867768595041,0,0.622106694155,0.000605431918156
1.46,0.873966942149,0,0.614931156761,0.000601003248423
1.465,0.876033057851,0,0.607889916945,0.000596600734269
1.47,0.878099173554,0,0.60097780355,0.000592224321638
1.475,0.878099173554,0,0.59419016376,0.000587873954604
1.48,0.880165289256,0,0.587597263014,0.000583549575415
1.485,0.882231404959,0,0.581129167146,0.000579251124542
1.49,0.886363636364,0,0.574768820784,0.000574978540726
1.495,0.888429752066,0,0.568513353679,0.000570731761016
1.5,0.890495867769,0,0.56236003766,0.000566510720818
1.505,0.890495867769,0,0.556306263427,0.000562315353937
1.51,0.892561983471,0,0.550349521992,0.00055814559262
1.515,0.892561983471,0,0.54448738997,0.000554001367592
1.52,0.892561983471,0,0.538749080605,0.000549882608107
1.525,0.892561983471,0,0.533143806294,0.000545789241977
1.53,0.892561983471,0,0.527623883049,0.000541721195619
1.535,0.892561983471,0,0.522187171935,0.00053767839409
1.54,0.892561983471,0,0.516831580054,0.000533660761128
1.545,0.892561983471,0,0.511555059659,0.000529668219186
1.55,0.892561983471,0,0.506355607828,0.000525700689471
1.555,0.892561983471,0,0.50123126652,0.000521758091979
1.56,0.892561983471,0,0.496180122874,0.000517840345532
1.565,0.892561983471,0,0.491201464075,0.000513947367809
1.57,0.892561983471,0,0.486350192308,0.000510079075385
1.575,0.892561983471,0,0.481564623232,0.000506235383763
1.58,0.892561983471,0,0.476843161063,0.000502416207403
1.585,0.892561983471,0,0.47223597854,0.000498621459762
1.59,0.892561983471,0,0.467711894221,0.000494851053319
1.595,0.892561983471,0,0.463244226829,0.000491104899609
1.6,0.892561983471,0,0.458831621312,0.000487382909254
1.605,0.892561983471,0,0.454472766227,0.000483684991993
1.61,0.890495867769,0,0.450166393157,0.000480011056711
1.615,0.890495867769,0,0.445912515589,0.000476361011468
1.62,0.890495867769,0,0.441777124265,0.000472734763527
1.625,0.890495867769,0,0.437687430292,0.000469132219385
1.63,0.890495867769,0,0.433642441044,0.000465553284797
1.635,0.888429752066,0,0.429641202193,0.000461997864804
1.64,0.888429752066,0,0.42568861438,0.000458465863761
1.645,0.884297520661,0,0.421834184235,0.000454957185361
1.65,0.884297520661,0,0.418017824095,0.000451471732661
1.655,0.884297520661,0,0.414238842472,0.000448009408108
1.66,0.882231404959,0,0.410548944408,0.000444570113563
1.665,0.880165289256,0,0.406895539797,0.000441153750324
1.67,0.878099173554,0,0.403330135597,0.000437760219151
1.675,0.878099173554,0,0.399795622191,0.000434389420291
1.68,0.878099173554,0,0.39629714425,0.000431041253496
1.685,0.876033057851,0,0.392867965933,0.00042771561805
1.69,0.876033057851,0,0.389466268291,0.000424412412787
1.695,0.869834710744,0,0.386123433027,0.000421131536115
1.7,0.867768595041,0,0.382816062599,0.000417872886039
1.705,0.859504132231,0,0.379554193991,0.000414636360175
1.71,0.859504132231,0,0.376325183212,0.000411421855778
1.715,0.857438016529,0,0.37311909925,0.000408229269757
1.72,0.857438016529,0,0.369935906171,0.000405058498696
1.725,0.857438016529,0,0.366811263539,0.000401909438872
1.73,0.857438016529,0,0.363724205749,0.000398781986277
1.735,0.857438016529,0,0.360658663767,0.000395676036631
1.74,0.857438016529,0,0.357614629337,0.000392591485406
1.745,0.857438016529,0,0.354592088639,0.000389528227839
1.75,0.855371900826,0,0.351591022688,0.000386486158951
1.755,0.855371900826,0,0.3486114077,0.000383465173565
1.76,0.855371900826,0,0.345653215457,0.000380465166321
1.765,0.855371900826,0,0.342736380849,0.000377486031692
1.77,0.855371900826,0,0.339865209203,0.000374527664003
1.775,0.855371900826,0,0.337014310203,0.000371589957441
1.78,0.855371900826,0,0.334183668762,0.000368673280665
1.785,0.855371900826,0,0.331373265143,0.000365778203089
1.79,0.855371900826,0,0.328583075281,0.000362903439549
1.795,0.855371900826,0,0.325813071081,0.000360048884157
1.8,0.855371900826,0,0.323063220703,0.000357214430966
1.805,0.855371900826,0,0.320353215799,0.000354399973975
1.81,0.853305785124,0,0.317681870772,0.000351605407152
1.815,0.853305785124,0,0.31502968759,0.000348830624443
1.82,0.851239669421,0,0.31239664141,0.000346075519782
1.825,0.851239669421,0,0.309782703751,0.000343339987108
1.83,0.849173553719,0,0.307187842723,0.000340623920376
1.835,0.849173553719,0,0.304612023232,0.000337927213569
1.84,0.842975206612,0,0.302055207181,0.000335249760708
1.845,0.842975206612,0,0.299535265572,0.000332591455867
1.85,0.842975206612,0,0.297049019036,0.000329952193181
1.855,0.842975206612,0,0.294580914514,0.000327331866858
1.86,0.840909090909,0,0.292130917862,0.00032473037119
1.865,0.840909090909,0,0.289698992109,0.000322147600565
1.87,0.838842975207,0,0.287285097611,0.000319583449475
1.875,0.836776859504,0,0.28488919219,0.000317037812526
1.88,0.836776859504,0,0.282511231272,0.00031451058445
1.885,0.836776859504,0,0.280152494501,0.000312001660113
1.89,0.836776859504,0,0.277837853228,0.000309510934524
1.895,0.834710743802,0,0.275540408204,0.000307038302845
1.9,0.832644628099,0,0.273260116983,0.0003045836604
1.905,0.832644628099,0,0.270996934902,0.000302146902685
1.91,0.832644628099,0,0.268750815194,0.000299727925371
1.915,0.832644628099,0,0.26652170908,0.00029732662432
1.92,0.832644628099,0,0.264309565867,0.000294942895588
1.925,0.832644628099,0,0.262114333026,0.000292576635435
1.93,0.832644628099,0,0.259935956281,0.000290227740331
1.935,0.832644628099,0,0.257782169206,0.000287896106966
1.94,0.832644628099,0,0.25565944459,0.000285581632253
1.945,0.832644628099,0,0.253552929959,0.000283284213342
1.95,0.830578512397,0,0.251462572171,0.00028100374762
1.955,0.826446280992,0,0.249388316503,0.000278740132723
1.96,0.826446280992,0,0.247330106716,0.000276493266538
1.965,0.826446280992,0,0.245287885119,0.000274263047215
1.97,0.826446280992,0,0.243261592632,0.000272049373168
1.975,0.824380165289,0,0.241251168842,0.000269852143083
1.98,0.824380165289,0,0.239256552058,0.000267671255926
1.985,0.824380165289,0,0.237277679367,0.000265506610945
1.99,0.824380165289,0,0.235314486677,0.00026335810768
1.995,0.818181818182,0,0.233375224873,0.000261225645965
2,0.818181818182,0,0.231460173715,0.000259109125933
